<?xml version="1.0"?>

<!DOCTYPE ejb-jar PUBLIC "-//Sun Microsystems, Inc.//DTD Enterprise JavaBeans 2.0//EN" "http://java.sun.com/dtd/ejb-jar_2_0.dtd">

<ejb-jar>
 <enterprise-beans>
   <entity>
      <ejb-name>CabinEJB</ejb-name>
      <home>com.titan.cabin.CabinHomeRemote</home>
      <remote>com.titan.cabin.CabinRemote</remote>
      <ejb-class>com.titan.cabin.CabinBean</ejb-class>
      <persistence-type>Container</persistence-type>
      <prim-key-class>java.lang.Integer</prim-key-class>
      <reentrant>False</reentrant>
      <cmp-version>2.x</cmp-version>
      <abstract-schema-name>Cabin</abstract-schema-name>
      <cmp-field><field-name>id</field-name></cmp-field>
      <cmp-field><field-name>name</field-name></cmp-field>
      <cmp-field><field-name>deckLevel</field-name></cmp-field>
      <cmp-field><field-name>shipId</field-name></cmp-field>
      <cmp-field><field-name>bedCount</field-name></cmp-field>
      <primkey-field>id</primkey-field>
      <security-identity><use-caller-identity/></security-identity>
   </entity>
 </enterprise-beans>

 <assembly-descriptor>
   <security-role>
      <description>
         This role represents everyone who is allowed full access to the Cabin EJB.
      </description>
     <role-name>everyone</role-name>
   </security-role>
   <method-permission>
     <role-name>everyone</role-name>
     <method>
         <ejb-name>CabinEJB</ejb-name>
         <method-name>*</method-name>
     </method>
   </method-permission>

   <container-transaction>
     <method>
        <ejb-name>CabinEJB</ejb-name>
        <method-name>*</method-name>
     </method>
     <trans-attribute>Required</trans-attribute>
   </container-transaction>

 </assembly-descriptor>
</ejb-jar>
