<?xml version="1.0" encoding="UTF-8"?>

<!DOCTYPE ejb-jar PUBLIC '-//Sun Microsystems, Inc.//DTD Enterprise JavaBeans 2.0//EN' 'http://java.sun.com/dtd/ejb-jar_2_0.dtd'>

<ejb-jar>
  <display-name>Ex07_2EJBs</display-name>
  <enterprise-beans>
    <entity>
      <display-name>ReservationBean</display-name>
      <ejb-name>ReservationBean</ejb-name>
      <local-home>com.titan.reservation.ReservationHomeLocal</local-home>
      <local>com.titan.reservation.ReservationLocal</local>
      <ejb-class>com.titan.reservation.ReservationBean</ejb-class>
      <persistence-type>Container</persistence-type>
      <prim-key-class>java.lang.Integer</prim-key-class>
      <reentrant>False</reentrant>
      <cmp-version>2.x</cmp-version>
      <abstract-schema-name>Reservation</abstract-schema-name>
      <cmp-field>
        <description>no description</description>
        <field-name>amountPaid</field-name>
      </cmp-field>
      <cmp-field>
        <description>no description</description>
        <field-name>date</field-name>
      </cmp-field>
      <cmp-field>
        <description>no description</description>
        <field-name>id</field-name>
      </cmp-field>
      <primkey-field>id</primkey-field>
      <security-identity>
        <description></description>
        <use-caller-identity></use-caller-identity>
      </security-identity>
      <resource-ref>
        <res-ref-name>jdbc/TitanUID</res-ref-name>
        <res-type>javax.sql.DataSource</res-type>
        <res-auth>Container</res-auth>
        <res-sharing-scope>Shareable</res-sharing-scope>
      </resource-ref>
    </entity>
    <entity>
      <display-name>ShipBean</display-name>
      <ejb-name>ShipBean</ejb-name>
      <local-home>com.titan.ship.ShipHomeLocal</local-home>
      <local>com.titan.ship.ShipLocal</local>
      <ejb-class>com.titan.ship.ShipBean</ejb-class>
      <persistence-type>Container</persistence-type>
      <prim-key-class>java.lang.Integer</prim-key-class>
      <reentrant>False</reentrant>
      <cmp-version>2.x</cmp-version>
      <abstract-schema-name>Ship</abstract-schema-name>
      <cmp-field>
        <description>no description</description>
        <field-name>tonnage</field-name>
      </cmp-field>
      <cmp-field>
        <description>no description</description>
        <field-name>name</field-name>
      </cmp-field>
      <cmp-field>
        <description>no description</description>
        <field-name>id</field-name>
      </cmp-field>
      <primkey-field>id</primkey-field>
      <security-identity>
        <description></description>
        <use-caller-identity></use-caller-identity>
      </security-identity>
    </entity>
    <entity>
      <display-name>AddressBean</display-name>
      <ejb-name>AddressBean</ejb-name>
      <local-home>com.titan.address.AddressHomeLocal</local-home>
      <local>com.titan.address.AddressLocal</local>
      <ejb-class>com.titan.address.AddressBean</ejb-class>
      <persistence-type>Container</persistence-type>
      <prim-key-class>java.lang.Integer</prim-key-class>
      <reentrant>False</reentrant>
      <cmp-version>2.x</cmp-version>
      <abstract-schema-name>Address</abstract-schema-name>
      <cmp-field>
        <description>no description</description>
        <field-name>zip</field-name>
      </cmp-field>
      <cmp-field>
        <description>no description</description>
        <field-name>state</field-name>
      </cmp-field>
      <cmp-field>
        <description>no description</description>
        <field-name>city</field-name>
      </cmp-field>
      <cmp-field>
        <description>no description</description>
        <field-name>street</field-name>
      </cmp-field>
      <cmp-field>
        <description>no description</description>
        <field-name>id</field-name>
      </cmp-field>
      <primkey-field>id</primkey-field>
      <security-identity>
        <description></description>
        <use-caller-identity></use-caller-identity>
      </security-identity>
      <resource-ref>
        <res-ref-name>jdbc/TitanUID</res-ref-name>
        <res-type>javax.sql.DataSource</res-type>
        <res-auth>Container</res-auth>
        <res-sharing-scope>Shareable</res-sharing-scope>
      </resource-ref>
    </entity>
    <entity>
      <display-name>CreditCardBean</display-name>
      <ejb-name>CreditCardBean</ejb-name>
      <local-home>com.titan.customer.CreditCardHomeLocal</local-home>
      <local>com.titan.customer.CreditCardLocal</local>
      <ejb-class>com.titan.customer.CreditCardBean</ejb-class>
      <persistence-type>Container</persistence-type>
      <prim-key-class>java.lang.Integer</prim-key-class>
      <reentrant>False</reentrant>
      <cmp-version>2.x</cmp-version>
      <abstract-schema-name>CreditCard</abstract-schema-name>
      <cmp-field>
        <description>no description</description>
        <field-name>creditOrganization</field-name>
      </cmp-field>
      <cmp-field>
        <description>no description</description>
        <field-name>nameOnCard</field-name>
      </cmp-field>
      <cmp-field>
        <description>no description</description>
        <field-name>expirationDate</field-name>
      </cmp-field>
      <cmp-field>
        <description>no description</description>
        <field-name>number</field-name>
      </cmp-field>
      <cmp-field>
        <description>no description</description>
        <field-name>id</field-name>
      </cmp-field>
      <primkey-field>id</primkey-field>
      <security-identity>
        <description></description>
        <use-caller-identity></use-caller-identity>
      </security-identity>
      <resource-ref>
        <res-ref-name>jdbc/TitanUID</res-ref-name>
        <res-type>javax.sql.DataSource</res-type>
        <res-auth>Container</res-auth>
        <res-sharing-scope>Shareable</res-sharing-scope>
      </resource-ref>
    </entity>
    <entity>
      <display-name>CabinBean</display-name>
      <ejb-name>CabinBean</ejb-name>
      <local-home>com.titan.cabin.CabinHomeLocal</local-home>
      <local>com.titan.cabin.CabinLocal</local>
      <ejb-class>com.titan.cabin.CabinBean</ejb-class>
      <persistence-type>Container</persistence-type>
      <prim-key-class>java.lang.Integer</prim-key-class>
      <reentrant>False</reentrant>
      <cmp-version>2.x</cmp-version>
      <abstract-schema-name>Cabin</abstract-schema-name>
      <cmp-field>
        <description>no description</description>
        <field-name>name</field-name>
      </cmp-field>
      <cmp-field>
        <description>no description</description>
        <field-name>deckLevel</field-name>
      </cmp-field>
      <cmp-field>
        <description>no description</description>
        <field-name>bedCount</field-name>
      </cmp-field>
      <cmp-field>
        <description>no description</description>
        <field-name>id</field-name>
      </cmp-field>
      <primkey-field>id</primkey-field>
      <security-identity>
        <description></description>
        <use-caller-identity></use-caller-identity>
      </security-identity>
    </entity>
    <entity>
      <display-name>PhoneBean</display-name>
      <ejb-name>PhoneBean</ejb-name>
      <local-home>com.titan.phone.PhoneHomeLocal</local-home>
      <local>com.titan.phone.PhoneLocal</local>
      <ejb-class>com.titan.phone.PhoneBean</ejb-class>
      <persistence-type>Container</persistence-type>
      <prim-key-class>java.lang.Integer</prim-key-class>
      <reentrant>False</reentrant>
      <cmp-version>2.x</cmp-version>
      <abstract-schema-name>Phone</abstract-schema-name>
      <cmp-field>
        <description>no description</description>
        <field-name>type</field-name>
      </cmp-field>
      <cmp-field>
        <description>no description</description>
        <field-name>number</field-name>
      </cmp-field>
      <cmp-field>
        <description>no description</description>
        <field-name>id</field-name>
      </cmp-field>
      <primkey-field>id</primkey-field>
      <security-identity>
        <description></description>
        <use-caller-identity></use-caller-identity>
      </security-identity>
      <resource-ref>
        <res-ref-name>jdbc/TitanUID</res-ref-name>
        <res-type>javax.sql.DataSource</res-type>
        <res-auth>Container</res-auth>
        <res-sharing-scope>Shareable</res-sharing-scope>
      </resource-ref>
    </entity>
    <entity>
      <display-name>CustomerBean</display-name>
      <ejb-name>CustomerBean</ejb-name>
      <local-home>com.titan.customer.CustomerHomeLocal</local-home>
      <local>com.titan.customer.CustomerLocal</local>
      <ejb-class>com.titan.customer.CustomerBean</ejb-class>
      <persistence-type>Container</persistence-type>
      <prim-key-class>java.lang.Integer</prim-key-class>
      <reentrant>False</reentrant>
      <cmp-version>2.x</cmp-version>
      <abstract-schema-name>Customer</abstract-schema-name>
      <cmp-field>
        <description>no description</description>
        <field-name>lastName</field-name>
      </cmp-field>
      <cmp-field>
        <description>no description</description>
        <field-name>firstName</field-name>
      </cmp-field>
      <cmp-field>
        <description>no description</description>
        <field-name>hasGoodCredit</field-name>
      </cmp-field>
      <cmp-field>
        <description>no description</description>
        <field-name>id</field-name>
      </cmp-field>
      <primkey-field>id</primkey-field>
      <security-identity>
        <description></description>
        <use-caller-identity></use-caller-identity>
      </security-identity>
    </entity>
    <entity>
      <display-name>CruiseBean</display-name>
      <ejb-name>CruiseBean</ejb-name>
      <local-home>com.titan.cruise.CruiseHomeLocal</local-home>
      <local>com.titan.cruise.CruiseLocal</local>
      <ejb-class>com.titan.cruise.CruiseBean</ejb-class>
      <persistence-type>Container</persistence-type>
      <prim-key-class>java.lang.Integer</prim-key-class>
      <reentrant>False</reentrant>
      <cmp-version>2.x</cmp-version>
      <abstract-schema-name>Cruise</abstract-schema-name>
      <cmp-field>
        <description>no description</description>
        <field-name>name</field-name>
      </cmp-field>
      <cmp-field>
        <description>no description</description>
        <field-name>id</field-name>
      </cmp-field>
      <primkey-field>id</primkey-field>
      <security-identity>
        <description></description>
        <use-caller-identity></use-caller-identity>
      </security-identity>
      <resource-ref>
        <res-ref-name>jdbc/TitanUID</res-ref-name>
        <res-type>javax.sql.DataSource</res-type>
        <res-auth>Container</res-auth>
        <res-sharing-scope>Shareable</res-sharing-scope>
      </resource-ref>
    </entity>
  </enterprise-beans>
  <relationships>
    <ejb-relation>
      <description>Reservation-has-many-Cabins</description>
      <ejb-relationship-role>
        <ejb-relationship-role-name>ReservationBean</ejb-relationship-role-name>
        <multiplicity>Many</multiplicity>
        <relationship-role-source>
          <ejb-name>ReservationBean</ejb-name>
        </relationship-role-source>
        <cmr-field>
          <cmr-field-name>cabins</cmr-field-name>
          <cmr-field-type>java.util.Set</cmr-field-type>
        </cmr-field>
      </ejb-relationship-role>
      <ejb-relationship-role>
        <ejb-relationship-role-name>CabinBean</ejb-relationship-role-name>
        <multiplicity>Many</multiplicity>
        <relationship-role-source>
          <ejb-name>CabinBean</ejb-name>
        </relationship-role-source>
      </ejb-relationship-role>
    </ejb-relation>
    <ejb-relation>
      <description>Customer-has-an-address</description>
      <ejb-relationship-role>
        <ejb-relationship-role-name>CustomerBean</ejb-relationship-role-name>
        <multiplicity>One</multiplicity>
        <relationship-role-source>
          <ejb-name>CustomerBean</ejb-name>
        </relationship-role-source>
        <cmr-field>
          <cmr-field-name>phoneNumbers</cmr-field-name>
          <cmr-field-type>java.util.Collection</cmr-field-type>
        </cmr-field>
      </ejb-relationship-role>
      <ejb-relationship-role>
        <ejb-relationship-role-name>PhoneBean</ejb-relationship-role-name>
        <multiplicity>Many</multiplicity>
        <relationship-role-source>
          <ejb-name>PhoneBean</ejb-name>
        </relationship-role-source>
      </ejb-relationship-role>
    </ejb-relation>
    <ejb-relation>
      <description>Customer-has-an-address</description>
      <ejb-relationship-role>
        <ejb-relationship-role-name>CustomerBean</ejb-relationship-role-name>
        <multiplicity>One</multiplicity>
        <relationship-role-source>
          <ejb-name>CustomerBean</ejb-name>
        </relationship-role-source>
        <cmr-field>
          <cmr-field-name>creditCard</cmr-field-name>
        </cmr-field>
      </ejb-relationship-role>
      <ejb-relationship-role>
        <ejb-relationship-role-name>CreditCardBean</ejb-relationship-role-name>
        <multiplicity>One</multiplicity>
        <relationship-role-source>
          <ejb-name>CreditCardBean</ejb-name>
        </relationship-role-source>
        <cmr-field>
          <cmr-field-name>customer</cmr-field-name>
        </cmr-field>
      </ejb-relationship-role>
    </ejb-relation>
    <ejb-relation>
      <description>Customer-has-an-address</description>
      <ejb-relationship-role>
        <ejb-relationship-role-name>CruiseBean</ejb-relationship-role-name>
        <multiplicity>Many</multiplicity>
        <relationship-role-source>
          <ejb-name>CruiseBean</ejb-name>
        </relationship-role-source>
        <cmr-field>
          <cmr-field-name>ship</cmr-field-name>
        </cmr-field>
      </ejb-relationship-role>
      <ejb-relationship-role>
        <ejb-relationship-role-name>ShipBean</ejb-relationship-role-name>
        <multiplicity>One</multiplicity>
        <relationship-role-source>
          <ejb-name>ShipBean</ejb-name>
        </relationship-role-source>
      </ejb-relationship-role>
    </ejb-relation>
    <ejb-relation>
      <description>Customer-has-an-address</description>
      <ejb-relationship-role>
        <ejb-relationship-role-name>CustomerBean</ejb-relationship-role-name>
        <multiplicity>One</multiplicity>
        <relationship-role-source>
          <ejb-name>CustomerBean</ejb-name>
        </relationship-role-source>
        <cmr-field>
          <cmr-field-name>homeAddress</cmr-field-name>
        </cmr-field>
      </ejb-relationship-role>
      <ejb-relationship-role>
        <ejb-relationship-role-name>AddressBean</ejb-relationship-role-name>
        <multiplicity>One</multiplicity>
        <relationship-role-source>
          <ejb-name>AddressBean</ejb-name>
        </relationship-role-source>
      </ejb-relationship-role>
    </ejb-relation>
    <ejb-relation>
      <description>Customer-has-an-address</description>
      <ejb-relationship-role>
        <ejb-relationship-role-name>CruiseBean</ejb-relationship-role-name>
        <multiplicity>One</multiplicity>
        <relationship-role-source>
          <ejb-name>CruiseBean</ejb-name>
        </relationship-role-source>
        <cmr-field>
          <cmr-field-name>reservations</cmr-field-name>
          <cmr-field-type>java.util.Collection</cmr-field-type>
        </cmr-field>
      </ejb-relationship-role>
      <ejb-relationship-role>
        <ejb-relationship-role-name>ReservationBean</ejb-relationship-role-name>
        <multiplicity>Many</multiplicity>
        <relationship-role-source>
          <ejb-name>ReservationBean</ejb-name>
        </relationship-role-source>
        <cmr-field>
          <cmr-field-name>cruise</cmr-field-name>
        </cmr-field>
      </ejb-relationship-role>
    </ejb-relation>
    <ejb-relation>
      <description>Customer-has-an-address</description>
      <ejb-relationship-role>
        <ejb-relationship-role-name>CabinBean</ejb-relationship-role-name>
        <multiplicity>One</multiplicity>
        <relationship-role-source>
          <ejb-name>CabinBean</ejb-name>
        </relationship-role-source>
        <cmr-field>
          <cmr-field-name>ship</cmr-field-name>
        </cmr-field>
      </ejb-relationship-role>
      <ejb-relationship-role>
        <ejb-relationship-role-name>ShipBean</ejb-relationship-role-name>
        <multiplicity>One</multiplicity>
        <relationship-role-source>
          <ejb-name>ShipBean</ejb-name>
        </relationship-role-source>
      </ejb-relationship-role>
    </ejb-relation>
    <ejb-relation>
      <description>Customer-has-an-address</description>
      <ejb-relationship-role>
        <ejb-relationship-role-name>CustomerBean</ejb-relationship-role-name>
        <multiplicity>Many</multiplicity>
        <relationship-role-source>
          <ejb-name>CustomerBean</ejb-name>
        </relationship-role-source>
        <cmr-field>
          <cmr-field-name>reservations</cmr-field-name>
          <cmr-field-type>java.util.Collection</cmr-field-type>
        </cmr-field>
      </ejb-relationship-role>
      <ejb-relationship-role>
        <ejb-relationship-role-name>ReservationBean</ejb-relationship-role-name>
        <multiplicity>Many</multiplicity>
        <relationship-role-source>
          <ejb-name>ReservationBean</ejb-name>
        </relationship-role-source>
        <cmr-field>
          <cmr-field-name>customers</cmr-field-name>
          <cmr-field-type>java.util.Set</cmr-field-type>
        </cmr-field>
      </ejb-relationship-role>
    </ejb-relation>
  </relationships>
  <assembly-descriptor>
    <method-permission>
      <unchecked />
      <method>
        <ejb-name>ReservationBean</ejb-name>
        <method-intf>LocalHome</method-intf>
        <method-name>remove</method-name>
        <method-params>
          <method-param>java.lang.Object</method-param>
        </method-params>
      </method>
      <method>
        <ejb-name>ReservationBean</ejb-name>
        <method-intf>Local</method-intf>
        <method-name>setCruise</method-name>
        <method-params>
          <method-param>com.titan.cruise.CruiseLocal</method-param>
        </method-params>
      </method>
      <method>
        <ejb-name>ReservationBean</ejb-name>
        <method-intf>Local</method-intf>
        <method-name>getEJBLocalHome</method-name>
        <method-params />
      </method>
      <method>
        <ejb-name>ReservationBean</ejb-name>
        <method-intf>Local</method-intf>
        <method-name>getCruise</method-name>
        <method-params />
      </method>
      <method>
        <ejb-name>ReservationBean</ejb-name>
        <method-intf>LocalHome</method-intf>
        <method-name>create</method-name>
        <method-params>
          <method-param>com.titan.cruise.CruiseLocal</method-param>
          <method-param>java.util.Collection</method-param>
        </method-params>
      </method>
      <method>
        <ejb-name>ReservationBean</ejb-name>
        <method-intf>Local</method-intf>
        <method-name>setDate</method-name>
        <method-params>
          <method-param>java.sql.Date</method-param>
        </method-params>
      </method>
      <method>
        <ejb-name>ReservationBean</ejb-name>
        <method-intf>Local</method-intf>
        <method-name>getAmountPaid</method-name>
        <method-params />
      </method>
      <method>
        <ejb-name>ReservationBean</ejb-name>
        <method-intf>Local</method-intf>
        <method-name>getDate</method-name>
        <method-params />
      </method>
      <method>
        <ejb-name>ReservationBean</ejb-name>
        <method-intf>Local</method-intf>
        <method-name>setCustomers</method-name>
        <method-params>
          <method-param>java.util.Set</method-param>
        </method-params>
      </method>
      <method>
        <ejb-name>ReservationBean</ejb-name>
        <method-intf>Local</method-intf>
        <method-name>getPrimaryKey</method-name>
        <method-params />
      </method>
      <method>
        <ejb-name>ReservationBean</ejb-name>
        <method-intf>Local</method-intf>
        <method-name>remove</method-name>
        <method-params />
      </method>
      <method>
        <ejb-name>ReservationBean</ejb-name>
        <method-intf>Local</method-intf>
        <method-name>setAmountPaid</method-name>
        <method-params>
          <method-param>double</method-param>
        </method-params>
      </method>
      <method>
        <ejb-name>ReservationBean</ejb-name>
        <method-intf>Local</method-intf>
        <method-name>getCustomers</method-name>
        <method-params />
      </method>
      <method>
        <ejb-name>ReservationBean</ejb-name>
        <method-intf>Local</method-intf>
        <method-name>getCabins</method-name>
        <method-params />
      </method>
      <method>
        <ejb-name>ReservationBean</ejb-name>
        <method-intf>Local</method-intf>
        <method-name>setCabins</method-name>
        <method-params>
          <method-param>java.util.Set</method-param>
        </method-params>
      </method>
      <method>
        <ejb-name>ReservationBean</ejb-name>
        <method-intf>Local</method-intf>
        <method-name>isIdentical</method-name>
        <method-params>
          <method-param>javax.ejb.EJBLocalObject</method-param>
        </method-params>
      </method>
    </method-permission>
    <method-permission>
      <unchecked />
      <method>
        <ejb-name>ShipBean</ejb-name>
        <method-intf>LocalHome</method-intf>
        <method-name>remove</method-name>
        <method-params>
          <method-param>java.lang.Object</method-param>
        </method-params>
      </method>
      <method>
        <ejb-name>ShipBean</ejb-name>
        <method-intf>Local</method-intf>
        <method-name>getEJBLocalHome</method-name>
        <method-params />
      </method>
      <method>
        <ejb-name>ShipBean</ejb-name>
        <method-intf>LocalHome</method-intf>
        <method-name>create</method-name>
        <method-params>
          <method-param>java.lang.Integer</method-param>
          <method-param>java.lang.String</method-param>
          <method-param>double</method-param>
        </method-params>
      </method>
      <method>
        <ejb-name>ShipBean</ejb-name>
        <method-intf>Local</method-intf>
        <method-name>getName</method-name>
        <method-params />
      </method>
      <method>
        <ejb-name>ShipBean</ejb-name>
        <method-intf>Local</method-intf>
        <method-name>getId</method-name>
        <method-params />
      </method>
      <method>
        <ejb-name>ShipBean</ejb-name>
        <method-intf>Local</method-intf>
        <method-name>getTonnage</method-name>
        <method-params />
      </method>
      <method>
        <ejb-name>ShipBean</ejb-name>
        <method-intf>Local</method-intf>
        <method-name>getPrimaryKey</method-name>
        <method-params />
      </method>
      <method>
        <ejb-name>ShipBean</ejb-name>
        <method-intf>Local</method-intf>
        <method-name>setName</method-name>
        <method-params>
          <method-param>java.lang.String</method-param>
        </method-params>
      </method>
      <method>
        <ejb-name>ShipBean</ejb-name>
        <method-intf>Local</method-intf>
        <method-name>setTonnage</method-name>
        <method-params>
          <method-param>double</method-param>
        </method-params>
      </method>
      <method>
        <ejb-name>ShipBean</ejb-name>
        <method-intf>Local</method-intf>
        <method-name>remove</method-name>
        <method-params />
      </method>
      <method>
        <ejb-name>ShipBean</ejb-name>
        <method-intf>Local</method-intf>
        <method-name>setId</method-name>
        <method-params>
          <method-param>java.lang.Integer</method-param>
        </method-params>
      </method>
      <method>
        <ejb-name>ShipBean</ejb-name>
        <method-intf>Local</method-intf>
        <method-name>isIdentical</method-name>
        <method-params>
          <method-param>javax.ejb.EJBLocalObject</method-param>
        </method-params>
      </method>
    </method-permission>
    <method-permission>
      <unchecked />
      <method>
        <ejb-name>AddressBean</ejb-name>
        <method-intf>Local</method-intf>
        <method-name>getZip</method-name>
        <method-params />
      </method>
      <method>
        <ejb-name>AddressBean</ejb-name>
        <method-intf>LocalHome</method-intf>
        <method-name>remove</method-name>
        <method-params>
          <method-param>java.lang.Object</method-param>
        </method-params>
      </method>
      <method>
        <ejb-name>AddressBean</ejb-name>
        <method-intf>Local</method-intf>
        <method-name>getStreet</method-name>
        <method-params />
      </method>
      <method>
        <ejb-name>AddressBean</ejb-name>
        <method-intf>Local</method-intf>
        <method-name>getEJBLocalHome</method-name>
        <method-params />
      </method>
      <method>
        <ejb-name>AddressBean</ejb-name>
        <method-intf>LocalHome</method-intf>
        <method-name>findByPrimaryKey</method-name>
        <method-params>
          <method-param>java.lang.Integer</method-param>
        </method-params>
      </method>
      <method>
        <ejb-name>AddressBean</ejb-name>
        <method-intf>Local</method-intf>
        <method-name>setZip</method-name>
        <method-params>
          <method-param>java.lang.String</method-param>
        </method-params>
      </method>
      <method>
        <ejb-name>AddressBean</ejb-name>
        <method-intf>Local</method-intf>
        <method-name>getPrimaryKey</method-name>
        <method-params />
      </method>
      <method>
        <ejb-name>AddressBean</ejb-name>
        <method-intf>Local</method-intf>
        <method-name>setState</method-name>
        <method-params>
          <method-param>java.lang.String</method-param>
        </method-params>
      </method>
      <method>
        <ejb-name>AddressBean</ejb-name>
        <method-intf>Local</method-intf>
        <method-name>getCity</method-name>
        <method-params />
      </method>
      <method>
        <ejb-name>AddressBean</ejb-name>
        <method-intf>Local</method-intf>
        <method-name>remove</method-name>
        <method-params />
      </method>
      <method>
        <ejb-name>AddressBean</ejb-name>
        <method-intf>Local</method-intf>
        <method-name>setStreet</method-name>
        <method-params>
          <method-param>java.lang.String</method-param>
        </method-params>
      </method>
      <method>
        <ejb-name>AddressBean</ejb-name>
        <method-intf>Local</method-intf>
        <method-name>isIdentical</method-name>
        <method-params>
          <method-param>javax.ejb.EJBLocalObject</method-param>
        </method-params>
      </method>
      <method>
        <ejb-name>AddressBean</ejb-name>
        <method-intf>LocalHome</method-intf>
        <method-name>createAddress</method-name>
        <method-params>
          <method-param>java.lang.String</method-param>
          <method-param>java.lang.String</method-param>
          <method-param>java.lang.String</method-param>
          <method-param>java.lang.String</method-param>
        </method-params>
      </method>
      <method>
        <ejb-name>AddressBean</ejb-name>
        <method-intf>Local</method-intf>
        <method-name>getState</method-name>
        <method-params />
      </method>
      <method>
        <ejb-name>AddressBean</ejb-name>
        <method-intf>Local</method-intf>
        <method-name>setCity</method-name>
        <method-params>
          <method-param>java.lang.String</method-param>
        </method-params>
      </method>
    </method-permission>
    <method-permission>
      <unchecked />
      <method>
        <ejb-name>CreditCardBean</ejb-name>
        <method-intf>Local</method-intf>
        <method-name>getCreditOrganization</method-name>
        <method-params />
      </method>
      <method>
        <ejb-name>CreditCardBean</ejb-name>
        <method-intf>LocalHome</method-intf>
        <method-name>remove</method-name>
        <method-params>
          <method-param>java.lang.Object</method-param>
        </method-params>
      </method>
      <method>
        <ejb-name>CreditCardBean</ejb-name>
        <method-intf>Local</method-intf>
        <method-name>setCustomer</method-name>
        <method-params>
          <method-param>com.titan.customer.CustomerLocal</method-param>
        </method-params>
      </method>
      <method>
        <ejb-name>CreditCardBean</ejb-name>
        <method-intf>Local</method-intf>
        <method-name>getNumber</method-name>
        <method-params />
      </method>
      <method>
        <ejb-name>CreditCardBean</ejb-name>
        <method-intf>Local</method-intf>
        <method-name>getEJBLocalHome</method-name>
        <method-params />
      </method>
      <method>
        <ejb-name>CreditCardBean</ejb-name>
        <method-intf>Local</method-intf>
        <method-name>setExpirationDate</method-name>
        <method-params>
          <method-param>java.sql.Date</method-param>
        </method-params>
      </method>
      <method>
        <ejb-name>CreditCardBean</ejb-name>
        <method-intf>Local</method-intf>
        <method-name>getCustomer</method-name>
        <method-params />
      </method>
      <method>
        <ejb-name>CreditCardBean</ejb-name>
        <method-intf>Local</method-intf>
        <method-name>getNameOnCard</method-name>
        <method-params />
      </method>
      <method>
        <ejb-name>CreditCardBean</ejb-name>
        <method-intf>Local</method-intf>
        <method-name>setNameOnCard</method-name>
        <method-params>
          <method-param>java.lang.String</method-param>
        </method-params>
      </method>
      <method>
        <ejb-name>CreditCardBean</ejb-name>
        <method-intf>Local</method-intf>
        <method-name>setCreditOrganization</method-name>
        <method-params>
          <method-param>java.lang.String</method-param>
        </method-params>
      </method>
      <method>
        <ejb-name>CreditCardBean</ejb-name>
        <method-intf>Local</method-intf>
        <method-name>getPrimaryKey</method-name>
        <method-params />
      </method>
      <method>
        <ejb-name>CreditCardBean</ejb-name>
        <method-intf>Local</method-intf>
        <method-name>getExpirationDate</method-name>
        <method-params />
      </method>
      <method>
        <ejb-name>CreditCardBean</ejb-name>
        <method-intf>Local</method-intf>
        <method-name>remove</method-name>
        <method-params />
      </method>
      <method>
        <ejb-name>CreditCardBean</ejb-name>
        <method-intf>Local</method-intf>
        <method-name>isIdentical</method-name>
        <method-params>
          <method-param>javax.ejb.EJBLocalObject</method-param>
        </method-params>
      </method>
      <method>
        <ejb-name>CreditCardBean</ejb-name>
        <method-intf>Local</method-intf>
        <method-name>setNumber</method-name>
        <method-params>
          <method-param>java.lang.String</method-param>
        </method-params>
      </method>
    </method-permission>
    <method-permission>
      <unchecked />
      <method>
        <ejb-name>CabinBean</ejb-name>
        <method-intf>Local</method-intf>
        <method-name>setDeckLevel</method-name>
        <method-params>
          <method-param>int</method-param>
        </method-params>
      </method>
      <method>
        <ejb-name>CabinBean</ejb-name>
        <method-intf>LocalHome</method-intf>
        <method-name>remove</method-name>
        <method-params>
          <method-param>java.lang.Object</method-param>
        </method-params>
      </method>
      <method>
        <ejb-name>CabinBean</ejb-name>
        <method-intf>LocalHome</method-intf>
        <method-name>create</method-name>
        <method-params>
          <method-param>java.lang.Integer</method-param>
        </method-params>
      </method>
      <method>
        <ejb-name>CabinBean</ejb-name>
        <method-intf>Local</method-intf>
        <method-name>getEJBLocalHome</method-name>
        <method-params />
      </method>
      <method>
        <ejb-name>CabinBean</ejb-name>
        <method-intf>LocalHome</method-intf>
        <method-name>findByPrimaryKey</method-name>
        <method-params>
          <method-param>java.lang.Integer</method-param>
        </method-params>
      </method>
      <method>
        <ejb-name>CabinBean</ejb-name>
        <method-intf>Local</method-intf>
        <method-name>getName</method-name>
        <method-params />
      </method>
      <method>
        <ejb-name>CabinBean</ejb-name>
        <method-intf>Local</method-intf>
        <method-name>getDeckLevel</method-name>
        <method-params />
      </method>
      <method>
        <ejb-name>CabinBean</ejb-name>
        <method-intf>Local</method-intf>
        <method-name>getShip</method-name>
        <method-params />
      </method>
      <method>
        <ejb-name>CabinBean</ejb-name>
        <method-intf>Local</method-intf>
        <method-name>getPrimaryKey</method-name>
        <method-params />
      </method>
      <method>
        <ejb-name>CabinBean</ejb-name>
        <method-intf>Local</method-intf>
        <method-name>setName</method-name>
        <method-params>
          <method-param>java.lang.String</method-param>
        </method-params>
      </method>
      <method>
        <ejb-name>CabinBean</ejb-name>
        <method-intf>Local</method-intf>
        <method-name>remove</method-name>
        <method-params />
      </method>
      <method>
        <ejb-name>CabinBean</ejb-name>
        <method-intf>Local</method-intf>
        <method-name>setShip</method-name>
        <method-params>
          <method-param>com.titan.ship.ShipLocal</method-param>
        </method-params>
      </method>
      <method>
        <ejb-name>CabinBean</ejb-name>
        <method-intf>Local</method-intf>
        <method-name>isIdentical</method-name>
        <method-params>
          <method-param>javax.ejb.EJBLocalObject</method-param>
        </method-params>
      </method>
      <method>
        <ejb-name>CabinBean</ejb-name>
        <method-intf>Local</method-intf>
        <method-name>setBedCount</method-name>
        <method-params>
          <method-param>int</method-param>
        </method-params>
      </method>
      <method>
        <ejb-name>CabinBean</ejb-name>
        <method-intf>Local</method-intf>
        <method-name>getBedCount</method-name>
        <method-params />
      </method>
    </method-permission>
    <method-permission>
      <unchecked />
      <method>
        <ejb-name>PhoneBean</ejb-name>
        <method-intf>Local</method-intf>
        <method-name>setType</method-name>
        <method-params>
          <method-param>byte</method-param>
        </method-params>
      </method>
      <method>
        <ejb-name>PhoneBean</ejb-name>
        <method-intf>LocalHome</method-intf>
        <method-name>remove</method-name>
        <method-params>
          <method-param>java.lang.Object</method-param>
        </method-params>
      </method>
      <method>
        <ejb-name>PhoneBean</ejb-name>
        <method-intf>Local</method-intf>
        <method-name>getNumber</method-name>
        <method-params />
      </method>
      <method>
        <ejb-name>PhoneBean</ejb-name>
        <method-intf>Local</method-intf>
        <method-name>getEJBLocalHome</method-name>
        <method-params />
      </method>
      <method>
        <ejb-name>PhoneBean</ejb-name>
        <method-intf>LocalHome</method-intf>
        <method-name>create</method-name>
        <method-params>
          <method-param>java.lang.String</method-param>
          <method-param>byte</method-param>
        </method-params>
      </method>
      <method>
        <ejb-name>PhoneBean</ejb-name>
        <method-intf>Local</method-intf>
        <method-name>getPrimaryKey</method-name>
        <method-params />
      </method>
      <method>
        <ejb-name>PhoneBean</ejb-name>
        <method-intf>Local</method-intf>
        <method-name>remove</method-name>
        <method-params />
      </method>
      <method>
        <ejb-name>PhoneBean</ejb-name>
        <method-intf>Local</method-intf>
        <method-name>isIdentical</method-name>
        <method-params>
          <method-param>javax.ejb.EJBLocalObject</method-param>
        </method-params>
      </method>
      <method>
        <ejb-name>PhoneBean</ejb-name>
        <method-intf>Local</method-intf>
        <method-name>setNumber</method-name>
        <method-params>
          <method-param>java.lang.String</method-param>
        </method-params>
      </method>
      <method>
        <ejb-name>PhoneBean</ejb-name>
        <method-intf>Local</method-intf>
        <method-name>getType</method-name>
        <method-params />
      </method>
    </method-permission>
    <method-permission>
      <unchecked />
      <method>
        <ejb-name>CustomerBean</ejb-name>
        <method-intf>Local</method-intf>
        <method-name>getPrimaryKey</method-name>
        <method-params />
      </method>
      <method>
        <ejb-name>CustomerBean</ejb-name>
        <method-intf>LocalHome</method-intf>
        <method-name>remove</method-name>
        <method-params>
          <method-param>java.lang.Object</method-param>
        </method-params>
      </method>
      <method>
        <ejb-name>CustomerBean</ejb-name>
        <method-intf>Local</method-intf>
        <method-name>updatePhoneNumber</method-name>
        <method-params>
          <method-param>java.lang.String</method-param>
          <method-param>byte</method-param>
        </method-params>
      </method>
      <method>
        <ejb-name>CustomerBean</ejb-name>
        <method-intf>Local</method-intf>
        <method-name>getEJBLocalHome</method-name>
        <method-params />
      </method>
      <method>
        <ejb-name>CustomerBean</ejb-name>
        <method-intf>Local</method-intf>
        <method-name>getHasGoodCredit</method-name>
        <method-params />
      </method>
      <method>
        <ejb-name>CustomerBean</ejb-name>
        <method-intf>Local</method-intf>
        <method-name>getName</method-name>
        <method-params />
      </method>
      <method>
        <ejb-name>CustomerBean</ejb-name>
        <method-intf>LocalHome</method-intf>
        <method-name>create</method-name>
        <method-params>
          <method-param>java.lang.Integer</method-param>
        </method-params>
      </method>
      <method>
        <ejb-name>CustomerBean</ejb-name>
        <method-intf>Local</method-intf>
        <method-name>isIdentical</method-name>
        <method-params>
          <method-param>javax.ejb.EJBLocalObject</method-param>
        </method-params>
      </method>
      <method>
        <ejb-name>CustomerBean</ejb-name>
        <method-intf>Local</method-intf>
        <method-name>getPhoneList</method-name>
        <method-params />
      </method>
      <method>
        <ejb-name>CustomerBean</ejb-name>
        <method-intf>Local</method-intf>
        <method-name>setCreditCard</method-name>
        <method-params>
          <method-param>com.titan.customer.CreditCardLocal</method-param>
        </method-params>
      </method>
      <method>
        <ejb-name>CustomerBean</ejb-name>
        <method-intf>Local</method-intf>
        <method-name>getCreditCard</method-name>
        <method-params />
      </method>
      <method>
        <ejb-name>CustomerBean</ejb-name>
        <method-intf>Local</method-intf>
        <method-name>getReservations</method-name>
        <method-params />
      </method>
      <method>
        <ejb-name>CustomerBean</ejb-name>
        <method-intf>Local</method-intf>
        <method-name>getPhoneNumbers</method-name>
        <method-params />
      </method>
      <method>
        <ejb-name>CustomerBean</ejb-name>
        <method-intf>Local</method-intf>
        <method-name>remove</method-name>
        <method-params />
      </method>
      <method>
        <ejb-name>CustomerBean</ejb-name>
        <method-intf>Local</method-intf>
        <method-name>setHasGoodCredit</method-name>
        <method-params>
          <method-param>boolean</method-param>
        </method-params>
      </method>
      <method>
        <ejb-name>CustomerBean</ejb-name>
        <method-intf>LocalHome</method-intf>
        <method-name>findByPrimaryKey</method-name>
        <method-params>
          <method-param>java.lang.Integer</method-param>
        </method-params>
      </method>
      <method>
        <ejb-name>CustomerBean</ejb-name>
        <method-intf>Local</method-intf>
        <method-name>addPhoneNumber</method-name>
        <method-params>
          <method-param>java.lang.String</method-param>
          <method-param>byte</method-param>
        </method-params>
      </method>
      <method>
        <ejb-name>CustomerBean</ejb-name>
        <method-intf>Local</method-intf>
        <method-name>setReservations</method-name>
        <method-params>
          <method-param>java.util.Collection</method-param>
        </method-params>
      </method>
      <method>
        <ejb-name>CustomerBean</ejb-name>
        <method-intf>Local</method-intf>
        <method-name>setPhoneNumbers</method-name>
        <method-params>
          <method-param>java.util.Collection</method-param>
        </method-params>
      </method>
      <method>
        <ejb-name>CustomerBean</ejb-name>
        <method-intf>Local</method-intf>
        <method-name>removePhoneNumber</method-name>
        <method-params>
          <method-param>byte</method-param>
        </method-params>
      </method>
      <method>
        <ejb-name>CustomerBean</ejb-name>
        <method-intf>Local</method-intf>
        <method-name>setHomeAddress</method-name>
        <method-params>
          <method-param>com.titan.address.AddressLocal</method-param>
        </method-params>
      </method>
      <method>
        <ejb-name>CustomerBean</ejb-name>
        <method-intf>Local</method-intf>
        <method-name>setName</method-name>
        <method-params>
          <method-param>com.titan.customer.Name</method-param>
        </method-params>
      </method>
      <method>
        <ejb-name>CustomerBean</ejb-name>
        <method-intf>Local</method-intf>
        <method-name>getHomeAddress</method-name>
        <method-params />
      </method>
    </method-permission>
    <method-permission>
      <unchecked />
      <method>
        <ejb-name>CruiseBean</ejb-name>
        <method-intf>LocalHome</method-intf>
        <method-name>remove</method-name>
        <method-params>
          <method-param>java.lang.Object</method-param>
        </method-params>
      </method>
      <method>
        <ejb-name>CruiseBean</ejb-name>
        <method-intf>Local</method-intf>
        <method-name>getReservations</method-name>
        <method-params />
      </method>
      <method>
        <ejb-name>CruiseBean</ejb-name>
        <method-intf>Local</method-intf>
        <method-name>getEJBLocalHome</method-name>
        <method-params />
      </method>
      <method>
        <ejb-name>CruiseBean</ejb-name>
        <method-intf>Local</method-intf>
        <method-name>setReservations</method-name>
        <method-params>
          <method-param>java.util.Collection</method-param>
        </method-params>
      </method>
      <method>
        <ejb-name>CruiseBean</ejb-name>
        <method-intf>Local</method-intf>
        <method-name>getName</method-name>
        <method-params />
      </method>
      <method>
        <ejb-name>CruiseBean</ejb-name>
        <method-intf>Local</method-intf>
        <method-name>getShip</method-name>
        <method-params />
      </method>
      <method>
        <ejb-name>CruiseBean</ejb-name>
        <method-intf>Local</method-intf>
        <method-name>getPrimaryKey</method-name>
        <method-params />
      </method>
      <method>
        <ejb-name>CruiseBean</ejb-name>
        <method-intf>Local</method-intf>
        <method-name>setName</method-name>
        <method-params>
          <method-param>java.lang.String</method-param>
        </method-params>
      </method>
      <method>
        <ejb-name>CruiseBean</ejb-name>
        <method-intf>Local</method-intf>
        <method-name>remove</method-name>
        <method-params />
      </method>
      <method>
        <ejb-name>CruiseBean</ejb-name>
        <method-intf>Local</method-intf>
        <method-name>setShip</method-name>
        <method-params>
          <method-param>com.titan.ship.ShipLocal</method-param>
        </method-params>
      </method>
      <method>
        <ejb-name>CruiseBean</ejb-name>
        <method-intf>Local</method-intf>
        <method-name>isIdentical</method-name>
        <method-params>
          <method-param>javax.ejb.EJBLocalObject</method-param>
        </method-params>
      </method>
      <method>
        <ejb-name>CruiseBean</ejb-name>
        <method-intf>LocalHome</method-intf>
        <method-name>create</method-name>
        <method-params>
          <method-param>java.lang.String</method-param>
          <method-param>com.titan.ship.ShipLocal</method-param>
        </method-params>
      </method>
    </method-permission>
    <container-transaction>
      <method>
        <ejb-name>ReservationBean</ejb-name>
        <method-intf>Local</method-intf>
        <method-name>setCruise</method-name>
        <method-params>
          <method-param>com.titan.cruise.CruiseLocal</method-param>
        </method-params>
      </method>
      <trans-attribute>Required</trans-attribute>
    </container-transaction>
    <container-transaction>
      <method>
        <ejb-name>ReservationBean</ejb-name>
        <method-intf>Local</method-intf>
        <method-name>getCruise</method-name>
        <method-params />
      </method>
      <trans-attribute>Required</trans-attribute>
    </container-transaction>
    <container-transaction>
      <method>
        <ejb-name>ReservationBean</ejb-name>
        <method-intf>Local</method-intf>
        <method-name>setDate</method-name>
        <method-params>
          <method-param>java.sql.Date</method-param>
        </method-params>
      </method>
      <trans-attribute>Required</trans-attribute>
    </container-transaction>
    <container-transaction>
      <method>
        <ejb-name>ReservationBean</ejb-name>
        <method-intf>Local</method-intf>
        <method-name>getAmountPaid</method-name>
        <method-params />
      </method>
      <trans-attribute>Required</trans-attribute>
    </container-transaction>
    <container-transaction>
      <method>
        <ejb-name>ReservationBean</ejb-name>
        <method-intf>Local</method-intf>
        <method-name>setCustomers</method-name>
        <method-params>
          <method-param>java.util.Set</method-param>
        </method-params>
      </method>
      <trans-attribute>Required</trans-attribute>
    </container-transaction>
    <container-transaction>
      <method>
        <ejb-name>ReservationBean</ejb-name>
        <method-intf>Local</method-intf>
        <method-name>getDate</method-name>
        <method-params />
      </method>
      <trans-attribute>Required</trans-attribute>
    </container-transaction>
    <container-transaction>
      <method>
        <ejb-name>ReservationBean</ejb-name>
        <method-intf>Local</method-intf>
        <method-name>remove</method-name>
        <method-params />
      </method>
      <trans-attribute>Required</trans-attribute>
    </container-transaction>
    <container-transaction>
      <method>
        <ejb-name>ReservationBean</ejb-name>
        <method-intf>Local</method-intf>
        <method-name>setAmountPaid</method-name>
        <method-params>
          <method-param>double</method-param>
        </method-params>
      </method>
      <trans-attribute>Required</trans-attribute>
    </container-transaction>
    <container-transaction>
      <method>
        <ejb-name>ReservationBean</ejb-name>
        <method-intf>Local</method-intf>
        <method-name>setCabins</method-name>
        <method-params>
          <method-param>java.util.Set</method-param>
        </method-params>
      </method>
      <trans-attribute>Required</trans-attribute>
    </container-transaction>
    <container-transaction>
      <method>
        <ejb-name>ReservationBean</ejb-name>
        <method-intf>Local</method-intf>
        <method-name>getCustomers</method-name>
        <method-params />
      </method>
      <trans-attribute>Required</trans-attribute>
    </container-transaction>
    <container-transaction>
      <method>
        <ejb-name>ReservationBean</ejb-name>
        <method-intf>Local</method-intf>
        <method-name>getCabins</method-name>
        <method-params />
      </method>
      <trans-attribute>Required</trans-attribute>
    </container-transaction>
    <container-transaction>
      <method>
        <ejb-name>ShipBean</ejb-name>
        <method-intf>Local</method-intf>
        <method-name>setName</method-name>
        <method-params>
          <method-param>java.lang.String</method-param>
        </method-params>
      </method>
      <trans-attribute>Required</trans-attribute>
    </container-transaction>
    <container-transaction>
      <method>
        <ejb-name>ShipBean</ejb-name>
        <method-intf>Local</method-intf>
        <method-name>getId</method-name>
        <method-params />
      </method>
      <trans-attribute>Required</trans-attribute>
    </container-transaction>
    <container-transaction>
      <method>
        <ejb-name>ShipBean</ejb-name>
        <method-intf>Local</method-intf>
        <method-name>getName</method-name>
        <method-params />
      </method>
      <trans-attribute>Required</trans-attribute>
    </container-transaction>
    <container-transaction>
      <method>
        <ejb-name>ShipBean</ejb-name>
        <method-intf>Local</method-intf>
        <method-name>setId</method-name>
        <method-params>
          <method-param>java.lang.Integer</method-param>
        </method-params>
      </method>
      <trans-attribute>Required</trans-attribute>
    </container-transaction>
    <container-transaction>
      <method>
        <ejb-name>ShipBean</ejb-name>
        <method-intf>Local</method-intf>
        <method-name>remove</method-name>
        <method-params />
      </method>
      <trans-attribute>Required</trans-attribute>
    </container-transaction>
    <container-transaction>
      <method>
        <ejb-name>ShipBean</ejb-name>
        <method-intf>Local</method-intf>
        <method-name>setTonnage</method-name>
        <method-params>
          <method-param>double</method-param>
        </method-params>
      </method>
      <trans-attribute>Required</trans-attribute>
    </container-transaction>
    <container-transaction>
      <method>
        <ejb-name>ShipBean</ejb-name>
        <method-intf>Local</method-intf>
        <method-name>getTonnage</method-name>
        <method-params />
      </method>
      <trans-attribute>Required</trans-attribute>
    </container-transaction>
    <container-transaction>
      <method>
        <ejb-name>AddressBean</ejb-name>
        <method-intf>Local</method-intf>
        <method-name>getZip</method-name>
        <method-params />
      </method>
      <trans-attribute>Required</trans-attribute>
    </container-transaction>
    <container-transaction>
      <method>
        <ejb-name>AddressBean</ejb-name>
        <method-intf>LocalHome</method-intf>
        <method-name>remove</method-name>
        <method-params>
          <method-param>java.lang.Object</method-param>
        </method-params>
      </method>
      <trans-attribute>Required</trans-attribute>
    </container-transaction>
    <container-transaction>
      <method>
        <ejb-name>AddressBean</ejb-name>
        <method-intf>Local</method-intf>
        <method-name>getStreet</method-name>
        <method-params />
      </method>
      <trans-attribute>Required</trans-attribute>
    </container-transaction>
    <container-transaction>
      <method>
        <ejb-name>AddressBean</ejb-name>
        <method-intf>LocalHome</method-intf>
        <method-name>findByPrimaryKey</method-name>
        <method-params>
          <method-param>java.lang.Integer</method-param>
        </method-params>
      </method>
      <trans-attribute>Required</trans-attribute>
    </container-transaction>
    <container-transaction>
      <method>
        <ejb-name>AddressBean</ejb-name>
        <method-intf>Local</method-intf>
        <method-name>setZip</method-name>
        <method-params>
          <method-param>java.lang.String</method-param>
        </method-params>
      </method>
      <trans-attribute>Required</trans-attribute>
    </container-transaction>
    <container-transaction>
      <method>
        <ejb-name>AddressBean</ejb-name>
        <method-intf>Local</method-intf>
        <method-name>setState</method-name>
        <method-params>
          <method-param>java.lang.String</method-param>
        </method-params>
      </method>
      <trans-attribute>Required</trans-attribute>
    </container-transaction>
    <container-transaction>
      <method>
        <ejb-name>AddressBean</ejb-name>
        <method-intf>Local</method-intf>
        <method-name>getCity</method-name>
        <method-params />
      </method>
      <trans-attribute>Required</trans-attribute>
    </container-transaction>
    <container-transaction>
      <method>
        <ejb-name>AddressBean</ejb-name>
        <method-intf>Local</method-intf>
        <method-name>remove</method-name>
        <method-params />
      </method>
      <trans-attribute>Required</trans-attribute>
    </container-transaction>
    <container-transaction>
      <method>
        <ejb-name>AddressBean</ejb-name>
        <method-intf>Local</method-intf>
        <method-name>setStreet</method-name>
        <method-params>
          <method-param>java.lang.String</method-param>
        </method-params>
      </method>
      <trans-attribute>Required</trans-attribute>
    </container-transaction>
    <container-transaction>
      <method>
        <ejb-name>AddressBean</ejb-name>
        <method-intf>LocalHome</method-intf>
        <method-name>createAddress</method-name>
        <method-params>
          <method-param>java.lang.String</method-param>
          <method-param>java.lang.String</method-param>
          <method-param>java.lang.String</method-param>
          <method-param>java.lang.String</method-param>
        </method-params>
      </method>
      <trans-attribute>Required</trans-attribute>
    </container-transaction>
    <container-transaction>
      <method>
        <ejb-name>AddressBean</ejb-name>
        <method-intf>Local</method-intf>
        <method-name>getState</method-name>
        <method-params />
      </method>
      <trans-attribute>Required</trans-attribute>
    </container-transaction>
    <container-transaction>
      <method>
        <ejb-name>AddressBean</ejb-name>
        <method-intf>Local</method-intf>
        <method-name>setCity</method-name>
        <method-params>
          <method-param>java.lang.String</method-param>
        </method-params>
      </method>
      <trans-attribute>Required</trans-attribute>
    </container-transaction>
    <container-transaction>
      <method>
        <ejb-name>CreditCardBean</ejb-name>
        <method-intf>Local</method-intf>
        <method-name>getCreditOrganization</method-name>
        <method-params />
      </method>
      <trans-attribute>Required</trans-attribute>
    </container-transaction>
    <container-transaction>
      <method>
        <ejb-name>CreditCardBean</ejb-name>
        <method-intf>Local</method-intf>
        <method-name>setCustomer</method-name>
        <method-params>
          <method-param>com.titan.customer.CustomerLocal</method-param>
        </method-params>
      </method>
      <trans-attribute>Required</trans-attribute>
    </container-transaction>
    <container-transaction>
      <method>
        <ejb-name>CreditCardBean</ejb-name>
        <method-intf>Local</method-intf>
        <method-name>getNumber</method-name>
        <method-params />
      </method>
      <trans-attribute>Required</trans-attribute>
    </container-transaction>
    <container-transaction>
      <method>
        <ejb-name>CreditCardBean</ejb-name>
        <method-intf>Local</method-intf>
        <method-name>setExpirationDate</method-name>
        <method-params>
          <method-param>java.sql.Date</method-param>
        </method-params>
      </method>
      <trans-attribute>Required</trans-attribute>
    </container-transaction>
    <container-transaction>
      <method>
        <ejb-name>CreditCardBean</ejb-name>
        <method-intf>Local</method-intf>
        <method-name>getCustomer</method-name>
        <method-params />
      </method>
      <trans-attribute>Required</trans-attribute>
    </container-transaction>
    <container-transaction>
      <method>
        <ejb-name>CreditCardBean</ejb-name>
        <method-intf>Local</method-intf>
        <method-name>setNameOnCard</method-name>
        <method-params>
          <method-param>java.lang.String</method-param>
        </method-params>
      </method>
      <trans-attribute>Required</trans-attribute>
    </container-transaction>
    <container-transaction>
      <method>
        <ejb-name>CreditCardBean</ejb-name>
        <method-intf>Local</method-intf>
        <method-name>getNameOnCard</method-name>
        <method-params />
      </method>
      <trans-attribute>Required</trans-attribute>
    </container-transaction>
    <container-transaction>
      <method>
        <ejb-name>CreditCardBean</ejb-name>
        <method-intf>Local</method-intf>
        <method-name>setCreditOrganization</method-name>
        <method-params>
          <method-param>java.lang.String</method-param>
        </method-params>
      </method>
      <trans-attribute>Required</trans-attribute>
    </container-transaction>
    <container-transaction>
      <method>
        <ejb-name>CreditCardBean</ejb-name>
        <method-intf>Local</method-intf>
        <method-name>getExpirationDate</method-name>
        <method-params />
      </method>
      <trans-attribute>Required</trans-attribute>
    </container-transaction>
    <container-transaction>
      <method>
        <ejb-name>CreditCardBean</ejb-name>
        <method-intf>Local</method-intf>
        <method-name>remove</method-name>
        <method-params />
      </method>
      <trans-attribute>Required</trans-attribute>
    </container-transaction>
    <container-transaction>
      <method>
        <ejb-name>CreditCardBean</ejb-name>
        <method-intf>Local</method-intf>
        <method-name>setNumber</method-name>
        <method-params>
          <method-param>java.lang.String</method-param>
        </method-params>
      </method>
      <trans-attribute>Required</trans-attribute>
    </container-transaction>
    <container-transaction>
      <method>
        <ejb-name>CabinBean</ejb-name>
        <method-intf>Local</method-intf>
        <method-name>setDeckLevel</method-name>
        <method-params>
          <method-param>int</method-param>
        </method-params>
      </method>
      <trans-attribute>Required</trans-attribute>
    </container-transaction>
    <container-transaction>
      <method>
        <ejb-name>CabinBean</ejb-name>
        <method-intf>Local</method-intf>
        <method-name>getName</method-name>
        <method-params />
      </method>
      <trans-attribute>Required</trans-attribute>
    </container-transaction>
    <container-transaction>
      <method>
        <ejb-name>CabinBean</ejb-name>
        <method-intf>Local</method-intf>
        <method-name>getDeckLevel</method-name>
        <method-params />
      </method>
      <trans-attribute>Required</trans-attribute>
    </container-transaction>
    <container-transaction>
      <method>
        <ejb-name>CabinBean</ejb-name>
        <method-intf>Local</method-intf>
        <method-name>getShip</method-name>
        <method-params />
      </method>
      <trans-attribute>Required</trans-attribute>
    </container-transaction>
    <container-transaction>
      <method>
        <ejb-name>CabinBean</ejb-name>
        <method-intf>Local</method-intf>
        <method-name>setName</method-name>
        <method-params>
          <method-param>java.lang.String</method-param>
        </method-params>
      </method>
      <trans-attribute>Required</trans-attribute>
    </container-transaction>
    <container-transaction>
      <method>
        <ejb-name>CabinBean</ejb-name>
        <method-intf>Local</method-intf>
        <method-name>setShip</method-name>
        <method-params>
          <method-param>com.titan.ship.ShipLocal</method-param>
        </method-params>
      </method>
      <trans-attribute>Required</trans-attribute>
    </container-transaction>
    <container-transaction>
      <method>
        <ejb-name>CabinBean</ejb-name>
        <method-intf>Local</method-intf>
        <method-name>remove</method-name>
        <method-params />
      </method>
      <trans-attribute>Required</trans-attribute>
    </container-transaction>
    <container-transaction>
      <method>
        <ejb-name>CabinBean</ejb-name>
        <method-intf>Local</method-intf>
        <method-name>getBedCount</method-name>
        <method-params />
      </method>
      <trans-attribute>Required</trans-attribute>
    </container-transaction>
    <container-transaction>
      <method>
        <ejb-name>CabinBean</ejb-name>
        <method-intf>Local</method-intf>
        <method-name>setBedCount</method-name>
        <method-params>
          <method-param>int</method-param>
        </method-params>
      </method>
      <trans-attribute>Required</trans-attribute>
    </container-transaction>
    <container-transaction>
      <method>
        <ejb-name>PhoneBean</ejb-name>
        <method-intf>Local</method-intf>
        <method-name>setType</method-name>
        <method-params>
          <method-param>byte</method-param>
        </method-params>
      </method>
      <trans-attribute>Required</trans-attribute>
    </container-transaction>
    <container-transaction>
      <method>
        <ejb-name>PhoneBean</ejb-name>
        <method-intf>Local</method-intf>
        <method-name>getType</method-name>
        <method-params />
      </method>
      <trans-attribute>Required</trans-attribute>
    </container-transaction>
    <container-transaction>
      <method>
        <ejb-name>PhoneBean</ejb-name>
        <method-intf>Local</method-intf>
        <method-name>remove</method-name>
        <method-params />
      </method>
      <trans-attribute>Required</trans-attribute>
    </container-transaction>
    <container-transaction>
      <method>
        <ejb-name>PhoneBean</ejb-name>
        <method-intf>Local</method-intf>
        <method-name>setNumber</method-name>
        <method-params>
          <method-param>java.lang.String</method-param>
        </method-params>
      </method>
      <trans-attribute>Required</trans-attribute>
    </container-transaction>
    <container-transaction>
      <method>
        <ejb-name>PhoneBean</ejb-name>
        <method-intf>Local</method-intf>
        <method-name>getNumber</method-name>
        <method-params />
      </method>
      <trans-attribute>Required</trans-attribute>
    </container-transaction>
    <container-transaction>
      <method>
        <ejb-name>CustomerBean</ejb-name>
        <method-intf>Local</method-intf>
        <method-name>setName</method-name>
        <method-params>
          <method-param>com.titan.customer.Name</method-param>
        </method-params>
      </method>
      <trans-attribute>Required</trans-attribute>
    </container-transaction>
    <container-transaction>
      <method>
        <ejb-name>CustomerBean</ejb-name>
        <method-intf>Local</method-intf>
        <method-name>getHomeAddress</method-name>
        <method-params />
      </method>
      <trans-attribute>Required</trans-attribute>
    </container-transaction>
    <container-transaction>
      <method>
        <ejb-name>CustomerBean</ejb-name>
        <method-intf>Local</method-intf>
        <method-name>getReservations</method-name>
        <method-params />
      </method>
      <trans-attribute>Required</trans-attribute>
    </container-transaction>
    <container-transaction>
      <method>
        <ejb-name>CustomerBean</ejb-name>
        <method-intf>Local</method-intf>
        <method-name>setReservations</method-name>
        <method-params>
          <method-param>java.util.Collection</method-param>
        </method-params>
      </method>
      <trans-attribute>Required</trans-attribute>
    </container-transaction>
    <container-transaction>
      <method>
        <ejb-name>CustomerBean</ejb-name>
        <method-intf>Local</method-intf>
        <method-name>setHasGoodCredit</method-name>
        <method-params>
          <method-param>boolean</method-param>
        </method-params>
      </method>
      <trans-attribute>Required</trans-attribute>
    </container-transaction>
    <container-transaction>
      <method>
        <ejb-name>CustomerBean</ejb-name>
        <method-intf>Local</method-intf>
        <method-name>addPhoneNumber</method-name>
        <method-params>
          <method-param>java.lang.String</method-param>
          <method-param>byte</method-param>
        </method-params>
      </method>
      <trans-attribute>Required</trans-attribute>
    </container-transaction>
    <container-transaction>
      <method>
        <ejb-name>CustomerBean</ejb-name>
        <method-intf>Local</method-intf>
        <method-name>removePhoneNumber</method-name>
        <method-params>
          <method-param>byte</method-param>
        </method-params>
      </method>
      <trans-attribute>Required</trans-attribute>
    </container-transaction>
    <container-transaction>
      <method>
        <ejb-name>CustomerBean</ejb-name>
        <method-intf>Local</method-intf>
        <method-name>getPhoneNumbers</method-name>
        <method-params />
      </method>
      <trans-attribute>Required</trans-attribute>
    </container-transaction>
    <container-transaction>
      <method>
        <ejb-name>CustomerBean</ejb-name>
        <method-intf>Local</method-intf>
        <method-name>getName</method-name>
        <method-params />
      </method>
      <trans-attribute>Required</trans-attribute>
    </container-transaction>
    <container-transaction>
      <method>
        <ejb-name>CustomerBean</ejb-name>
        <method-intf>Local</method-intf>
        <method-name>setPhoneNumbers</method-name>
        <method-params>
          <method-param>java.util.Collection</method-param>
        </method-params>
      </method>
      <trans-attribute>Required</trans-attribute>
    </container-transaction>
    <container-transaction>
      <method>
        <ejb-name>CustomerBean</ejb-name>
        <method-intf>Local</method-intf>
        <method-name>setHomeAddress</method-name>
        <method-params>
          <method-param>com.titan.address.AddressLocal</method-param>
        </method-params>
      </method>
      <trans-attribute>Required</trans-attribute>
    </container-transaction>
    <container-transaction>
      <method>
        <ejb-name>CustomerBean</ejb-name>
        <method-intf>Local</method-intf>
        <method-name>getCreditCard</method-name>
        <method-params />
      </method>
      <trans-attribute>Required</trans-attribute>
    </container-transaction>
    <container-transaction>
      <method>
        <ejb-name>CustomerBean</ejb-name>
        <method-intf>Local</method-intf>
        <method-name>updatePhoneNumber</method-name>
        <method-params>
          <method-param>java.lang.String</method-param>
          <method-param>byte</method-param>
        </method-params>
      </method>
      <trans-attribute>Required</trans-attribute>
    </container-transaction>
    <container-transaction>
      <method>
        <ejb-name>CustomerBean</ejb-name>
        <method-intf>Local</method-intf>
        <method-name>getHasGoodCredit</method-name>
        <method-params />
      </method>
      <trans-attribute>Required</trans-attribute>
    </container-transaction>
    <container-transaction>
      <method>
        <ejb-name>CustomerBean</ejb-name>
        <method-intf>Local</method-intf>
        <method-name>remove</method-name>
        <method-params />
      </method>
      <trans-attribute>Required</trans-attribute>
    </container-transaction>
    <container-transaction>
      <method>
        <ejb-name>CustomerBean</ejb-name>
        <method-intf>Local</method-intf>
        <method-name>setCreditCard</method-name>
        <method-params>
          <method-param>com.titan.customer.CreditCardLocal</method-param>
        </method-params>
      </method>
      <trans-attribute>Required</trans-attribute>
    </container-transaction>
    <container-transaction>
      <method>
        <ejb-name>CustomerBean</ejb-name>
        <method-intf>Local</method-intf>
        <method-name>getPhoneList</method-name>
        <method-params />
      </method>
      <trans-attribute>Required</trans-attribute>
    </container-transaction>
    <container-transaction>
      <method>
        <ejb-name>CruiseBean</ejb-name>
        <method-intf>Local</method-intf>
        <method-name>setName</method-name>
        <method-params>
          <method-param>java.lang.String</method-param>
        </method-params>
      </method>
      <trans-attribute>Required</trans-attribute>
    </container-transaction>
    <container-transaction>
      <method>
        <ejb-name>CruiseBean</ejb-name>
        <method-intf>Local</method-intf>
        <method-name>setReservations</method-name>
        <method-params>
          <method-param>java.util.Collection</method-param>
        </method-params>
      </method>
      <trans-attribute>Required</trans-attribute>
    </container-transaction>
    <container-transaction>
      <method>
        <ejb-name>CruiseBean</ejb-name>
        <method-intf>Local</method-intf>
        <method-name>getName</method-name>
        <method-params />
      </method>
      <trans-attribute>Required</trans-attribute>
    </container-transaction>
    <container-transaction>
      <method>
        <ejb-name>CruiseBean</ejb-name>
        <method-intf>Local</method-intf>
        <method-name>setShip</method-name>
        <method-params>
          <method-param>com.titan.ship.ShipLocal</method-param>
        </method-params>
      </method>
      <trans-attribute>Required</trans-attribute>
    </container-transaction>
    <container-transaction>
      <method>
        <ejb-name>CruiseBean</ejb-name>
        <method-intf>Local</method-intf>
        <method-name>remove</method-name>
        <method-params />
      </method>
      <trans-attribute>Required</trans-attribute>
    </container-transaction>
    <container-transaction>
      <method>
        <ejb-name>CruiseBean</ejb-name>
        <method-intf>Local</method-intf>
        <method-name>getShip</method-name>
        <method-params />
      </method>
      <trans-attribute>Required</trans-attribute>
    </container-transaction>
    <container-transaction>
      <method>
        <ejb-name>CruiseBean</ejb-name>
        <method-intf>Local</method-intf>
        <method-name>getReservations</method-name>
        <method-params />
      </method>
      <trans-attribute>Required</trans-attribute>
    </container-transaction>
  </assembly-descriptor>
</ejb-jar>

