<?xml version="1.0"?>

<!DOCTYPE ejb-jar PUBLIC 
"-//Sun Microsystems, Inc.//DTD Enterprise JavaBeans 2.0//EN" 
"http://java.sun.com/dtd/ejb-jar_2_0.dtd">

<ejb-jar>
 <enterprise-beans>
   <session>
      <description>
            A service that handles monetary payments.
      </description>
      <ejb-name>ProcessPaymentEJB</ejb-name>
      <home>com.titan.processpayment.ProcessPaymentHomeRemote</home>
      <remote>com.titan.processpayment.ProcessPaymentRemote</remote>
      <ejb-class>com.titan.processpayment.ProcessPaymentBean</ejb-class>
      <session-type>Stateless</session-type>
      <transaction-type>Container</transaction-type>
      <env-entry>
           <env-entry-name>minCheckNumber</env-entry-name>
           <env-entry-type>java.lang.Integer</env-entry-type>
           <env-entry-value>2000</env-entry-value>
      </env-entry>
      <resource-ref>
           <description>DataSource for the Titan database</description>
           <res-ref-name>jdbc/titanDB</res-ref-name>
           <res-type>javax.sql.DataSource</res-type>
           <res-auth>Container</res-auth>
      </resource-ref>
  </session>

	<session>
	  <ejb-name>TravelAgentEJB</ejb-name>
	  <home>com.titan.travelagent.TravelAgentHomeRemote</home>
	  <remote>com.titan.travelagent.TravelAgentRemote</remote>
	  <ejb-class>com.titan.travelagent.TravelAgentBean</ejb-class>
	  <session-type>Stateful</session-type>
	  <transaction-type>Container</transaction-type>
		  <ejb-ref>
			   <ejb-ref-name>ejb/ProcessPaymentHomeRemote</ejb-ref-name>
			   <ejb-ref-type>Session</ejb-ref-type>
			   <home>
				  com.titan.processpayment.ProcessPaymentHomeRemote
			   </home>
			   <remote>
				  com.titan.processpayment.ProcessPaymentRemote
			   </remote>
			   <ejb-link>ProcessPaymentEJB</ejb-link>
		  </ejb-ref>
		  <ejb-ref>
			   <ejb-ref-name>ejb/CustomerHomeRemote</ejb-ref-name>
			   <ejb-ref-type>Entity</ejb-ref-type>
			   <home>
				  com.titan.customer.CustomerHomeRemote
			   </home>
			   <remote>com.titan.customer.CustomerRemote</remote>
			   <ejb-link>CustomerEJB</ejb-link>
		  </ejb-ref>
		  <ejb-local-ref>
			   <ejb-ref-name>ejb/CabinHomeLocal</ejb-ref-name>
			   <ejb-ref-type>Entity</ejb-ref-type>
			   <local-home>
				  com.titan.cabin.CabinHomeLocal
			   </local-home>
			   <local>com.titan.cabin.CabinLocal</local>
			   <ejb-link>CabinEJB</ejb-link>
		  </ejb-local-ref>
		  <ejb-local-ref>
			   <ejb-ref-name>ejb/ShipHomeLocal</ejb-ref-name>
			   <ejb-ref-type>Entity</ejb-ref-type>
			   <local-home>
				  com.titan.cabin.ShipHomeLocal
			   </local-home>
			   <local>com.titan.cabin.ShipLocal</local>
			   <ejb-link>ShipEJB</ejb-link>
		  </ejb-local-ref>
		  <ejb-local-ref>
			   <ejb-ref-name>ejb/CruiseHomeLocal</ejb-ref-name>
			   <ejb-ref-type>Entity</ejb-ref-type>
			   <local-home>
				  com.titan.cruise.CruiseHomeLocal
			   </local-home>
			   <local>com.titan.cruise.CruiseLocal</local>
			   <ejb-link>CruiseEJB</ejb-link>
		  </ejb-local-ref>
		  <ejb-local-ref>
			   <ejb-ref-name>ejb/ReservationHomeLocal</ejb-ref-name>
			   <ejb-ref-type>Entity</ejb-ref-type>
			   <local-home>
				  com.titan.reservation.ReservationHomeLocal
			   </local-home>
			   <local>com.titan.reservation.ReservationLocal</local>
			   <ejb-link>ReservationEJB</ejb-link>
		  </ejb-local-ref>
	  <resource-ref>
		   <res-ref-name>jdbc/titanDB</res-ref-name>
		   <res-type>javax.sql.DataSource</res-type>
		   <res-auth>Container</res-auth>
	  </resource-ref>
	  <resource-ref>
	  	  <res-ref-name>jms/TopicFactory</res-ref-name>
	  	  <res-type>javax.jms.TopicConnectionFactory</res-type>
	  	  <res-auth>Container</res-auth>
	  </resource-ref>
	  <resource-env-ref>
	  	  <resource-env-ref-name>jms/TicketTopic</resource-env-ref-name>
	  	  <resource-env-ref-type>javax.jms.Topic</resource-env-ref-type>
	  </resource-env-ref>
	</session>

	<entity>
	  <ejb-name>CustomerEJB</ejb-name>
	  <home>com.titan.customer.CustomerHomeRemote</home>
	  <remote>com.titan.customer.CustomerRemote</remote>
	  <local-home>com.titan.customer.CustomerHomeLocal</local-home>
	  <local>com.titan.customer.CustomerLocal</local>
	  <ejb-class>com.titan.customer.CustomerBean</ejb-class>
	  <persistence-type>Container</persistence-type>
	  <prim-key-class>java.lang.Integer</prim-key-class>
	  <reentrant>False</reentrant>
	  <cmp-version>2.x</cmp-version>
	  <abstract-schema-name>Customer</abstract-schema-name>
	  <cmp-field><field-name>id</field-name></cmp-field>
	  <cmp-field><field-name>lastName</field-name></cmp-field>
	  <cmp-field><field-name>firstName</field-name></cmp-field>
	  <cmp-field><field-name>hasGoodCredit</field-name></cmp-field>
	  <primkey-field>id</primkey-field>
	  <security-identity><use-caller-identity/></security-identity>
	</entity>

   <entity>
	  <ejb-name>AddressEJB</ejb-name>
	  <local-home>com.titan.address.AddressHomeLocal</local-home>
	  <local>com.titan.address.AddressLocal</local>
	  <ejb-class>com.titan.address.AddressBean</ejb-class>
	  <persistence-type>Container</persistence-type>
	  <prim-key-class>java.lang.Integer</prim-key-class>
	  <reentrant>False</reentrant>
	  <cmp-version>2.x</cmp-version>
	  <abstract-schema-name>Address</abstract-schema-name>
	  <cmp-field><field-name>id</field-name></cmp-field>
	  <cmp-field><field-name>street</field-name></cmp-field>
	  <cmp-field><field-name>city</field-name></cmp-field>
	  <cmp-field><field-name>state</field-name></cmp-field>
	  <cmp-field><field-name>zip</field-name></cmp-field>
	  <primkey-field>id</primkey-field>
	  <security-identity><use-caller-identity/></security-identity>
   </entity>
   <entity>
      <ejb-name>CreditCardEJB</ejb-name>							
	  <local-home>com.titan.customer.CreditCardHomeLocal</local-home>
	  <local>com.titan.customer.CreditCardLocal</local>
	  <ejb-class>com.titan.customer.CreditCardBean</ejb-class>
      <persistence-type>Container</persistence-type>
      <prim-key-class>java.lang.Integer</prim-key-class>
      <reentrant>False</reentrant>
      <cmp-version>2.x</cmp-version>
      <abstract-schema-name>CreditCard</abstract-schema-name>
	  <cmp-field><field-name>id</field-name></cmp-field>
      <cmp-field><field-name>expirationDate</field-name></cmp-field>
      <cmp-field><field-name>number</field-name></cmp-field>
      <cmp-field><field-name>nameOnCard</field-name></cmp-field>
      <cmp-field><field-name>creditOrganization</field-name></cmp-field>
      <primkey-field>id</primkey-field>
	  <security-identity><use-caller-identity/></security-identity>
   </entity>
   <entity>
      <ejb-name>PhoneEJB</ejb-name>							
	  <local-home>com.titan.phone.PhoneHomeLocal</local-home>
	  <local>com.titan.phone.PhoneLocal</local>
	  <ejb-class>com.titan.phone.PhoneBean</ejb-class>
      <persistence-type>Container</persistence-type>
      <prim-key-class>java.lang.Integer</prim-key-class>
      <reentrant>False</reentrant>
      <cmp-version>2.x</cmp-version>
      <abstract-schema-name>Phone</abstract-schema-name>
	  <cmp-field><field-name>id</field-name></cmp-field>
      <cmp-field><field-name>number</field-name></cmp-field>
      <cmp-field><field-name>type</field-name></cmp-field>
      <primkey-field>id</primkey-field>
	  <security-identity><use-caller-identity/></security-identity>
   </entity>
   <entity>
      <ejb-name>CruiseEJB</ejb-name>							
	  <local-home>com.titan.cruise.CruiseHomeLocal</local-home>
	  <local>com.titan.cruise.CruiseLocal</local>
	  <ejb-class>com.titan.cruise.CruiseBean</ejb-class>
      <persistence-type>Container</persistence-type>
      <prim-key-class>java.lang.Integer</prim-key-class>
      <reentrant>False</reentrant>
      <cmp-version>2.x</cmp-version>
      <abstract-schema-name>Cruise</abstract-schema-name>
	  <cmp-field><field-name>id</field-name></cmp-field>
      <cmp-field><field-name>name</field-name></cmp-field>
      <primkey-field>id</primkey-field>
	  <security-identity><use-caller-identity/></security-identity>
   </entity>
   <entity>
      <ejb-name>ShipEJB</ejb-name>							
	  <local-home>com.titan.ship.ShipHomeLocal</local-home>
	  <local>com.titan.ship.ShipLocal</local>
	  <ejb-class>com.titan.ship.ShipBean</ejb-class>
      <persistence-type>Container</persistence-type>
      <prim-key-class>java.lang.Integer</prim-key-class>
      <reentrant>False</reentrant>
      <cmp-version>2.x</cmp-version>
      <abstract-schema-name>Ship</abstract-schema-name>
	  <cmp-field><field-name>id</field-name></cmp-field>
      <cmp-field><field-name>name</field-name></cmp-field>
      <cmp-field><field-name>tonnage</field-name></cmp-field>
      <primkey-field>id</primkey-field>
	  <security-identity><use-caller-identity/></security-identity>
   </entity>
   <entity>
      <ejb-name>ReservationEJB</ejb-name>							
	  <local-home>com.titan.reservation.ReservationHomeLocal</local-home>
	  <local>com.titan.reservation.ReservationLocal</local>
	  <ejb-class>com.titan.reservation.ReservationBean</ejb-class>
      <persistence-type>Container</persistence-type>
      <prim-key-class>java.lang.Integer</prim-key-class>
      <reentrant>False</reentrant>
      <cmp-version>2.x</cmp-version>
      <abstract-schema-name>ReservationEJB</abstract-schema-name>
	  <cmp-field><field-name>id</field-name></cmp-field>
      <cmp-field><field-name>amountPaid</field-name></cmp-field>
      <cmp-field><field-name>date</field-name></cmp-field>
      <primkey-field>id</primkey-field>
      <ejb-local-ref>
           <ejb-ref-name>ejb/CustomerHomeLocal</ejb-ref-name>
           <ejb-ref-type>Entity</ejb-ref-type>
           <local-home>
              com.titan.customer.CustomerHomeLocal
           </local-home>
           <local>com.titan.customer.CustomerLocal</local>
	   <!-- ejb-link is required by jboss for local-refs. -->
	   <ejb-link>CustomerEJB</ejb-link>
      </ejb-local-ref>
	  <security-identity><use-caller-identity/></security-identity>
   </entity>
   <entity>
      <ejb-name>CabinEJB</ejb-name>
      <local-home>com.titan.cabin.CabinHomeLocal</local-home>
      <local>com.titan.cabin.CabinLocal</local>
      <ejb-class>com.titan.cabin.CabinBean</ejb-class>
      <persistence-type>Container</persistence-type>
      <prim-key-class>java.lang.Integer</prim-key-class>
      <reentrant>False</reentrant>
      <cmp-version>2.x</cmp-version>
      <abstract-schema-name>Cabin</abstract-schema-name>
      <cmp-field><field-name>id</field-name></cmp-field>
      <cmp-field><field-name>name</field-name></cmp-field>
      <cmp-field><field-name>deckLevel</field-name></cmp-field>
      <cmp-field><field-name>bedCount</field-name></cmp-field>
      <primkey-field>id</primkey-field>
      <security-identity><use-caller-identity/></security-identity>
   </entity>
 </enterprise-beans>
 
    <relationships>
	    <ejb-relation>

		    <ejb-relation-name>Customer-HomeAddress</ejb-relation-name>
		    <ejb-relationship-role>
			    <ejb-relationship-role-name>
				    Customer-has-a-Address
			    </ejb-relationship-role-name>
			    <multiplicity>One</multiplicity>
			    <relationship-role-source>
				    <ejb-name>CustomerEJB</ejb-name>
			    </relationship-role-source>
			    <cmr-field>
				    <cmr-field-name>homeAddress</cmr-field-name>
			    </cmr-field>
		    </ejb-relationship-role>
		    <ejb-relationship-role>
			    <ejb-relationship-role-name>
				    Address-belongs-to-Customer
			    </ejb-relationship-role-name>
			    <multiplicity>One</multiplicity>
				<cascade-delete/>
				<relationship-role-source>
				    <ejb-name>AddressEJB</ejb-name>
			    </relationship-role-source>
		    </ejb-relationship-role>
		</ejb-relation>

		<ejb-relation>
			<ejb-relation-name>Customer-CreditCard</ejb-relation-name>
			<ejb-relationship-role>
				<ejb-relationship-role-name>
					Customer-has-a-CreditCard
				</ejb-relationship-role-name>
				<multiplicity>One</multiplicity>
				<relationship-role-source>
					<ejb-name>CustomerEJB</ejb-name>
				</relationship-role-source>
				<cmr-field>
					<cmr-field-name>creditCard</cmr-field-name>
				</cmr-field>
			</ejb-relationship-role>
			<ejb-relationship-role>
				<ejb-relationship-role-name>
					CreditCard-belongs-to-Customer
				</ejb-relationship-role-name>
				<multiplicity>One</multiplicity>
				<cascade-delete/>
				<relationship-role-source>
					<ejb-name>CreditCardEJB</ejb-name>
				</relationship-role-source>
				<cmr-field>
					<cmr-field-name>customer</cmr-field-name>
				</cmr-field>
			</ejb-relationship-role>
		</ejb-relation>	

		<ejb-relation>
			<ejb-relation-name>Customer-Phones</ejb-relation-name>
			<ejb-relationship-role>
				<ejb-relationship-role-name>
					Customer-has-many-Phone-numbers
				</ejb-relationship-role-name>
				<multiplicity>One</multiplicity>
				<relationship-role-source>
					<ejb-name>CustomerEJB</ejb-name>
				</relationship-role-source>
				<cmr-field>
					<cmr-field-name>phoneNumbers</cmr-field-name>
					<cmr-field-type>java.util.Collection</cmr-field-type>
				</cmr-field>
			</ejb-relationship-role>
			<ejb-relationship-role>
				<ejb-relationship-role-name>
					Phone-belongs-to-Customer
				</ejb-relationship-role-name>
				<multiplicity>Many</multiplicity>
				<cascade-delete/>
				<relationship-role-source>
					<ejb-name>PhoneEJB</ejb-name>
				</relationship-role-source>
			</ejb-relationship-role>
		</ejb-relation>

		<ejb-relation>
			<ejb-relation-name>Customer-Reservation</ejb-relation-name>
			<ejb-relationship-role>
				<ejb-relationship-role-name>
					Customer-has-many-Reservations
				</ejb-relationship-role-name>
				<multiplicity>Many</multiplicity>
				<relationship-role-source>
					<ejb-name>CustomerEJB</ejb-name>
				</relationship-role-source>
				<cmr-field>
					<cmr-field-name>reservations</cmr-field-name>
					<cmr-field-type>java.util.Collection</cmr-field-type>
				</cmr-field>
			</ejb-relationship-role>
			<ejb-relationship-role>
				<ejb-relationship-role-name>
					Reservation-has-many-Customers
				</ejb-relationship-role-name>
				<multiplicity>Many</multiplicity>
				<relationship-role-source>
					<ejb-name>ReservationEJB</ejb-name>
				</relationship-role-source>
				<cmr-field>
					<cmr-field-name>customers</cmr-field-name>
					<cmr-field-type>java.util.Set</cmr-field-type>
				</cmr-field>
			</ejb-relationship-role>
		</ejb-relation>

		<ejb-relation>
			<ejb-relation-name>Cruise-Ship</ejb-relation-name>
			<ejb-relationship-role>
				<ejb-relationship-role-name>
					Cruise-has-a-Ship
				</ejb-relationship-role-name>
				<multiplicity>Many</multiplicity>
				<relationship-role-source>
					<ejb-name>CruiseEJB</ejb-name>
				</relationship-role-source>
				<cmr-field>
					<cmr-field-name>ship</cmr-field-name>
				</cmr-field>
			</ejb-relationship-role>
			<ejb-relationship-role>
				<ejb-relationship-role-name>
					Ship-has-many-Cruises
				</ejb-relationship-role-name>
				<multiplicity>One</multiplicity>
				<relationship-role-source>
					<ejb-name>ShipEJB</ejb-name>
				</relationship-role-source>
			</ejb-relationship-role>
		</ejb-relation>	

		<ejb-relation>
			<ejb-relation-name>Cruise-Reservation</ejb-relation-name>
			<ejb-relationship-role>
				<ejb-relationship-role-name>Cruise-has-many-Reservations</ejb-relationship-role-name>
				<multiplicity>One</multiplicity>	
				<relationship-role-source>
					<ejb-name>CruiseEJB</ejb-name>
				</relationship-role-source>
				<cmr-field>
					<cmr-field-name>reservations</cmr-field-name>
					<cmr-field-type>java.util.Collection</cmr-field-type>
				</cmr-field>
			</ejb-relationship-role>
			<ejb-relationship-role>
				<ejb-relationship-role-name>Reservation-has-a-Cruise</ejb-relationship-role-name>
				<multiplicity>Many</multiplicity>	
				<relationship-role-source>
					<ejb-name>ReservationEJB</ejb-name>
				</relationship-role-source>
				<cmr-field>
					<cmr-field-name>cruise</cmr-field-name>
				</cmr-field>
			</ejb-relationship-role>
		</ejb-relation>

		<ejb-relation>
			<ejb-relation-name>Cabin-Ship</ejb-relation-name>
			<ejb-relationship-role>
				<ejb-relationship-role-name>Cabin-has-a-Ship</ejb-relationship-role-name>
				<multiplicity>Many</multiplicity>					
				<relationship-role-source>
					<ejb-name>CabinEJB</ejb-name>
				</relationship-role-source>
				<cmr-field>
					<cmr-field-name>ship</cmr-field-name>
				</cmr-field>
			</ejb-relationship-role>
			<ejb-relationship-role>
				<ejb-relationship-role-name>Ship-has-many-Cabins</ejb-relationship-role-name>
				<multiplicity>One</multiplicity>
				<relationship-role-source>
					<ejb-name>ShipEJB</ejb-name>
				</relationship-role-source>
			</ejb-relationship-role>
		</ejb-relation>				

		<ejb-relation>
			<ejb-relation-name>Cabin-Reservation</ejb-relation-name>
			<ejb-relationship-role>
				<ejb-relationship-role-name>Cabin-has-many-Reservations</ejb-relationship-role-name>
				<multiplicity>Many</multiplicity>
				<relationship-role-source>
					<ejb-name>CabinEJB</ejb-name>
				</relationship-role-source>
			</ejb-relationship-role>
			<ejb-relationship-role>
				<ejb-relationship-role-name>Reservation-has-many-Cabins</ejb-relationship-role-name>
				<multiplicity>Many</multiplicity>
				<relationship-role-source>
					<ejb-name>ReservationEJB</ejb-name>
				</relationship-role-source>
				<cmr-field>
					<cmr-field-name>cabins</cmr-field-name>
					<cmr-field-type>java.util.Set</cmr-field-type>
			</cmr-field>
			</ejb-relationship-role>
		</ejb-relation>

    </relationships>

 <assembly-descriptor>
   <security-role>
     <role-name>everyone</role-name>
   </security-role>
   <method-permission>
     <role-name>everyone</role-name>
     <method>
         <ejb-name>ProcessPaymentEJB</ejb-name>
         <method-name>*</method-name>
     </method>
     <method>
         <ejb-name>TravelAgentEJB</ejb-name>
         <method-name>*</method-name>
     </method>
     <method>
         <ejb-name>CustomerEJB</ejb-name>
         <method-name>*</method-name>
     </method>
     <method>
         <ejb-name>AddressEJB</ejb-name>
         <method-name>*</method-name>
     </method>
	<method>
		<ejb-name>CreditCardEJB</ejb-name>
		<method-name>*</method-name>
	</method>
	<method>
		<ejb-name>PhoneEJB</ejb-name>
		<method-name>*</method-name>
	</method>
	<method>
		<ejb-name>CruiseEJB</ejb-name>
		<method-name>*</method-name>
	</method>
	<method>
		<ejb-name>ShipEJB</ejb-name>
		<method-name>*</method-name>
	</method>
	<method>
		<ejb-name>ReservationEJB</ejb-name>
		<method-name>*</method-name>
	</method>
	<method>
		<ejb-name>CabinEJB</ejb-name>
		<method-name>*</method-name>
	</method>
   </method-permission>
   <container-transaction>
     <method>
        <ejb-name>ProcessPaymentEJB</ejb-name>
        <method-name>*</method-name>
     </method>
     <method>
         <ejb-name>TravelAgentEJB</ejb-name>
         <method-name>*</method-name>
     </method>
     <method>
        <ejb-name>CustomerEJB</ejb-name>
        <method-name>*</method-name>
     </method>
     <method>
         <ejb-name>AddressEJB</ejb-name>
         <method-name>*</method-name>
     </method>
	<method>
		<ejb-name>CreditCardEJB</ejb-name>
		<method-name>*</method-name>
	</method>
	<method>
		<ejb-name>PhoneEJB</ejb-name>
		<method-name>*</method-name>
	</method>
	<method>
		<ejb-name>CruiseEJB</ejb-name>
		<method-name>*</method-name>
	</method>
	<method>
		<ejb-name>ShipEJB</ejb-name>
		<method-name>*</method-name>
	</method>
	<method>
		<ejb-name>ReservationEJB</ejb-name>
		<method-name>*</method-name>
	</method>
	<method>
		<ejb-name>CabinEJB</ejb-name>
		<method-name>*</method-name>
	</method>
     <trans-attribute>Required</trans-attribute>
   </container-transaction>
 </assembly-descriptor>

</ejb-jar>
