<?xml version="1.0"?>

<jboss>
   <enterprise-beans>
      <session>
         <ejb-name>ProcessPaymentEJB</ejb-name>
         <jndi-name>ProcessPaymentHomeRemote</jndi-name>
         <resource-ref>
            <res-ref-name>jdbc/titanDB</res-ref-name>
            <jndi-name>java:/DefaultDS</jndi-name>
         </resource-ref>
      </session>
      
      <session>
         <ejb-name>TravelAgentEJB</ejb-name>
         <jndi-name>TravelAgentHomeRemote</jndi-name>
         <resource-ref>
            <res-ref-name>jdbc/titanDB</res-ref-name>
            <jndi-name>java:/DefaultDS</jndi-name>
         </resource-ref>
         <resource-ref>
            <res-ref-name>jms/TopicFactory</res-ref-name>
            <jndi-name>java:/JmsXA</jndi-name>
         </resource-ref>
	  <resource-env-ref>
            <resource-env-ref-name>jms/TicketTopic</resource-env-ref-name>
            <jndi-name>topic/titan-TicketTopic</jndi-name>
	  </resource-env-ref>
      </session>   
      
      <entity>
         <ejb-name>CustomerEJB</ejb-name>
         <jndi-name>CustomerHomeRemote</jndi-name>
         <local-jndi-name>CustomerHomeLocal</local-jndi-name>
      </entity>
      <entity>
         <ejb-name>AddressEJB</ejb-name>
         <local-jndi-name>AddressHomeLocal</local-jndi-name>
      </entity>
      <entity>
         <ejb-name>CreditCardEJB</ejb-name>
         <local-jndi-name>CreditCardHomeLocal</local-jndi-name>
      </entity>
      <entity>
         <ejb-name>PhoneEJB</ejb-name>
         <local-jndi-name>PhoneHomeLocal</local-jndi-name>
      </entity>
      <entity>
         <ejb-name>CruiseEJB</ejb-name>
         <local-jndi-name>CruiseHomeLocal</local-jndi-name>
      </entity>
      <entity>
         <ejb-name>ShipEJB</ejb-name>
         <local-jndi-name>ShipHomeLocal</local-jndi-name>
      </entity>
      <entity>
         <ejb-name>ReservationEJB</ejb-name>
         <local-jndi-name>ReservationHomeLocal</local-jndi-name>
      </entity>
      <entity>
         <ejb-name>CabinEJB</ejb-name>
         <local-jndi-name>CabinHomeLocal</local-jndi-name>
      </entity>
   </enterprise-beans>
</jboss>
