<?xml version="1.0" encoding="UTF-8"?>

<!-- ===================================================================== -->
<!--                                                                       -->
<!--  JBoss Server Configuration                                           -->
<!--                                                                       -->
<!-- ===================================================================== -->

<!-- $Id: oracle-ds.xml,v 1.1 2002/07/22 22:57:24 d_jencks Exp $ -->
<!-- ==================================================================== -->
<!--  Datasource config for Oracle originally from Steven Coy             -->
<!-- ==================================================================== -->


<datasources>
  <local-tx-datasource>
    <jndi-name>OracleDS</jndi-name>
    <connection-url>jdbc:oracle:thin:@localhost:1521:JBOSSDB</connection-url>
    <driver-class>oracle.jdbc.driver.OracleDriver</driver-class>
    <user-name>scott</user-name>
    <password>tiger</password>
  </local-tx-datasource>

</datasources>
