<?xml version="1.0"?>

<!DOCTYPE ejb-jar PUBLIC 
"-//Sun Microsystems, Inc.//DTD Enterprise JavaBeans 2.0//EN" 
"http://java.sun.com/dtd/ejb-jar_2_0.dtd">

<ejb-jar>

 <enterprise-beans>
   <entity>
      <ejb-name>CabinEJB</ejb-name>
      <home>com.titan.cabin.CabinHomeRemote</home>
      <remote>com.titan.cabin.CabinRemote</remote>
      <ejb-class>com.titan.cabin.CabinBean</ejb-class>
      <persistence-type>Container</persistence-type>
      <prim-key-class>java.lang.Integer</prim-key-class>
      <reentrant>False</reentrant>
      <cmp-version>2.x</cmp-version>
      <abstract-schema-name>Cabin</abstract-schema-name>
      <cmp-field><field-name>id</field-name></cmp-field>
      <cmp-field><field-name>name</field-name></cmp-field>
      <cmp-field><field-name>deckLevel</field-name></cmp-field>
      <cmp-field><field-name>shipId</field-name></cmp-field>
      <cmp-field><field-name>bedCount</field-name></cmp-field>
      <primkey-field>id</primkey-field>
      <security-identity><use-caller-identity/></security-identity>
   </entity>

   <session>
     <ejb-name>TravelAgentEJB</ejb-name>
     <home>com.titan.travelagent.TravelAgentHomeRemote</home>
     <remote>com.titan.travelagent.TravelAgentRemote</remote>
     <ejb-class>com.titan.travelagent.TravelAgentBean</ejb-class>
     <session-type>Stateless</session-type>
     <transaction-type>Container</transaction-type>

     <ejb-ref>
       <ejb-ref-name>ejb/CabinHomeRemote</ejb-ref-name>  
       <ejb-ref-type>Entity</ejb-ref-type>
       <home>com.titan.cabin.CabinHomeRemote</home>
       <remote>com.titan.cabin.CabinRemote</remote>
     </ejb-ref>

     <security-identity><use-caller-identity/></security-identity>

  </session>
 </enterprise-beans>

 <assembly-descriptor>

   <security-role>
      <description>
         This role represents everyone who is allowed full access to the beans.
      </description>
     <role-name>everyone</role-name>
   </security-role>

   <method-permission>
     <role-name>everyone</role-name>
     <method>
       <ejb-name>CabinEJB</ejb-name>
       <method-name>*</method-name>
     </method>
     <method>
       <ejb-name>TravelAgentEJB</ejb-name>
       <method-name>*</method-name>
     </method>
   </method-permission>

   <container-transaction>
     <method>
       <ejb-name>CabinEJB</ejb-name>
       <method-name>*</method-name>
     </method>
     <method>
        <ejb-name>TravelAgentEJB</ejb-name>
        <method-name>*</method-name>
     </method>
     <trans-attribute>Required</trans-attribute>
   </container-transaction>

 </assembly-descriptor>

</ejb-jar>
