<?xml version="1.0" encoding="UTF-8"?>

<!DOCTYPE jbosscmp-jdbc PUBLIC
   "-//JBoss//DTD JBOSSCMP-JDBC 3.0//EN"
   "http://www.jboss.org/j2ee/dtd/jbosscmp-jdbc_3_0.dtd">

<jbosscmp-jdbc>

   <defaults>
      <datasource>java:/DefaultDS</datasource>
      <datasource-mapping>Hypersonic SQL</datasource-mapping>
      <create-table>true</create-table>
      <remove-table>true</remove-table>
   </defaults>

   <enterprise-beans>
      <entity>
         <ejb-name>CustomerEJB</ejb-name>
         <table-name>Customer</table-name>
         <cmp-field>
            <field-name>id</field-name>
            <column-name>ID</column-name>
         </cmp-field>
         <cmp-field>
            <field-name>lastName</field-name>
            <column-name>LAST_NAME</column-name>
         </cmp-field>
         <cmp-field>
            <field-name>firstName</field-name>
            <column-name>FIRST_NAME</column-name>
         </cmp-field>
         <cmp-field>
            <field-name>hasGoodCredit</field-name>
            <column-name>HAS_GOOD_CREDIT</column-name>
         </cmp-field>
      </entity>
   </enterprise-beans>
</jbosscmp-jdbc>
