<?xml version="1.0"?>

<jboss>
   <enterprise-beans>
      <entity>
         <ejb-name>CustomerEJB</ejb-name>
         <local-jndi-name>CustomerHomeLocal</local-jndi-name>
      </entity>
      <entity>
         <ejb-name>AddressEJB</ejb-name>
         <local-jndi-name>AddressHomeLocal</local-jndi-name>
      </entity>
      <entity>
         <ejb-name>CreditCardEJB</ejb-name>
         <local-jndi-name>CreditCardHomeLocal</local-jndi-name>
      </entity>
      <entity>
         <ejb-name>CreditCompanyEJB</ejb-name>
         <local-jndi-name>CreditCompanyHomeLocal</local-jndi-name>
      </entity>
      <entity>
         <ejb-name>PhoneEJB</ejb-name>
         <local-jndi-name>PhoneHomeLocal</local-jndi-name>
      </entity>
      <entity>
         <ejb-name>CruiseEJB</ejb-name>
         <local-jndi-name>CruiseHomeLocal</local-jndi-name>
      </entity>
      <entity>
         <ejb-name>ShipEJB</ejb-name>
         <local-jndi-name>ShipHomeLocal</local-jndi-name>
      </entity>
      <entity>
         <ejb-name>ReservationEJB</ejb-name>
         <local-jndi-name>ReservationHomeLocal</local-jndi-name>
      </entity>
      <entity>
         <ejb-name>CabinEJB</ejb-name>
         <local-jndi-name>CabinHomeLocal</local-jndi-name>
      </entity>
      <session>
         <ejb-name>Test82EJB</ejb-name>
         <jndi-name>Test82HomeRemote</jndi-name>
      </session>
   </enterprise-beans>
</jboss>
