<?xml version="1.0"?>

<jboss>
   <enterprise-beans>
      <session>
         <ejb-name>ProcessPaymentEJB</ejb-name>
         <jndi-name>ProcessPaymentHomeRemote</jndi-name>
         <resource-ref>
            <res-ref-name>jdbc/titanDB</res-ref-name>
            <jndi-name>java:/DefaultDS</jndi-name>
         </resource-ref>
      </session>
      <entity>
         <ejb-name>CustomerEJB</ejb-name>
         <jndi-name>CustomerHomeRemote</jndi-name>
      </entity>
      <entity>
         <ejb-name>AddressEJB</ejb-name>
         <local-jndi-name>AddressHomeLocal</local-jndi-name>
      </entity>
   </enterprise-beans>
</jboss>
