<?xml version="1.0" encoding="UTF-8"?>

<!-- 
   | This file defines the JMS Queues that are used in exercise 13.2
   |
   | You can add other destinations to this file, or you can create other
   | *-service.xml files to contain your application's destinations.
 -->

<server>

  <mbean code="org.jboss.mq.server.jmx.Queue"
         name="jboss.mq.destination:service=Queue,name=titan-ReservationQueue">
    <depends optional-attribute-name="DestinationManager">jboss.mq:service=DestinationManager</depends>
  </mbean>
  
  <mbean code="org.jboss.mq.server.jmx.Queue"
         name="jboss.mq.destination:service=Queue,name=titan-TicketQueue">
    <depends optional-attribute-name="DestinationManager">jboss.mq:service=DestinationManager</depends>
  </mbean>

</server>
