<?xml version="1.0" encoding="UTF-8"?>

<!DOCTYPE jbosscmp-jdbc PUBLIC
   "-//JBoss//DTD JBOSSCMP-JDBC 3.0//EN"
   "http://www.jboss.org/j2ee/dtd/jbosscmp-jdbc_3_0.dtd">

<jbosscmp-jdbc>

   <defaults>
      <datasource>java:/DefaultDS</datasource>
      <datasource-mapping>Hypersonic SQL</datasource-mapping>
      <create-table>true</create-table>
      <remove-table>true</remove-table>
   </defaults>

   <enterprise-beans>
      <entity>
         <ejb-name>CustomerEJB</ejb-name>
         <table-name>Customer</table-name>
         <cmp-field>
            <field-name>id</field-name>
            <column-name>ID</column-name>
         </cmp-field>
         <cmp-field>
            <field-name>lastName</field-name>
            <column-name>LAST_NAME</column-name>
         </cmp-field>
         <cmp-field>
            <field-name>firstName</field-name>
            <column-name>FIRST_NAME</column-name>
         </cmp-field>
         <cmp-field>
            <field-name>hasGoodCredit</field-name>
            <column-name>HAS_GOOD_CREDIT</column-name>
         </cmp-field>
      </entity>
      <entity>
         <ejb-name>AddressEJB</ejb-name>
         <table-name>Address</table-name>
         <cmp-field>
            <field-name>id</field-name>
            <column-name>ID</column-name>
         </cmp-field>
         <cmp-field>
            <field-name>street</field-name>
            <column-name>STREET</column-name>
         </cmp-field>
         <cmp-field>
            <field-name>city</field-name>
            <column-name>CITY</column-name>
         </cmp-field>
         <cmp-field>
            <field-name>state</field-name>
            <column-name>STATE</column-name>
         </cmp-field>
         <cmp-field>
            <field-name>zip</field-name>
            <column-name>ZIP</column-name>
         </cmp-field>
      </entity>
      <entity>
         <ejb-name>CreditCardEJB</ejb-name>
         <table-name>CreditCard</table-name>
         <cmp-field>
            <field-name>id</field-name>
            <column-name>ID</column-name>
         </cmp-field>
         <cmp-field>
            <field-name>expirationDate</field-name>
            <column-name>EXP_DATE</column-name>
         </cmp-field>
         <cmp-field>
            <field-name>number</field-name>
            <column-name>NUMBER</column-name>
         </cmp-field>
         <cmp-field>
            <field-name>nameOnCard</field-name>
            <column-name>NAME</column-name>
         </cmp-field>
         <cmp-field>
            <field-name>creditOrganization</field-name>
            <column-name>ORGANIZATION</column-name>
         </cmp-field>
      </entity>
      <entity>
         <ejb-name>PhoneEJB</ejb-name>
         <table-name>Phone</table-name>
         <cmp-field>
            <field-name>id</field-name>
            <column-name>ID</column-name>
         </cmp-field>
         <cmp-field>
            <field-name>number</field-name>
            <column-name>NUMBER</column-name>
         </cmp-field>
         <cmp-field>
            <field-name>type</field-name>
            <column-name>TYPE</column-name>
         </cmp-field>
      </entity>
      <entity>
         <ejb-name>CabinEJB</ejb-name>
         <table-name>Cabin</table-name>
         <cmp-field>
            <field-name>id</field-name>
            <column-name>ID</column-name>
         </cmp-field>
         <cmp-field>
            <field-name>bedCount</field-name>
            <column-name>BED_COUNT</column-name>
         </cmp-field>
         <cmp-field>
            <field-name>deckLevel</field-name>
            <column-name>DECK_LEVEL</column-name>
         </cmp-field>
      </entity>
      <entity>
         <ejb-name>CruiseEJB</ejb-name>
         <table-name>Cruise</table-name>
         <cmp-field>
            <field-name>id</field-name>
            <column-name>ID</column-name>
         </cmp-field>
         <cmp-field>
            <field-name>name</field-name>
            <column-name>NAME</column-name>
         </cmp-field>
      </entity>
      <entity>
         <ejb-name>ShipEJB</ejb-name>
         <table-name>Ship</table-name>
         <cmp-field>
            <field-name>id</field-name>
            <column-name>ID</column-name>
         </cmp-field>
         <cmp-field>
            <field-name>name</field-name>
            <column-name>NAME</column-name>
         </cmp-field>
         <cmp-field>
            <field-name>tonnage</field-name>
            <column-name>TONNAGE</column-name>
         </cmp-field>
      </entity>
      <entity>
         <ejb-name>ReservationEJB</ejb-name>
         <table-name>Reservation</table-name>
         <cmp-field>
            <field-name>id</field-name>
            <column-name>ID</column-name>
         </cmp-field>
         <cmp-field>
            <field-name>date</field-name>
            <column-name>DATE</column-name>
         </cmp-field>
         <cmp-field>
            <field-name>amountPaid</field-name>
            <column-name>AMOUNT_PAID</column-name>
         </cmp-field>
      </entity>
   </enterprise-beans>

   <!-- as a direct SELECT will be issued by the TravelAgent bean, the name of the 
         relationship table and columns has to be define in advance -->
   <relationships>
      <ejb-relation>
         <ejb-relation-name>Cabin-Reservation</ejb-relation-name>
         <relation-table-mapping>
            <table-name>RESERVATION_CABIN_LINK</table-name>
            <create-table>true</create-table>
            <remove-table>true</remove-table>
         </relation-table-mapping>
         <ejb-relationship-role>
            <ejb-relationship-role-name>Cabin-has-many-Reservations</ejb-relationship-role-name>
            <key-fields>
               <key-field>
                  <field-name>id</field-name>
                  <column-name>CABIN_ID</column-name>
               </key-field>
            </key-fields>
         </ejb-relationship-role>
         <ejb-relationship-role>
            <ejb-relationship-role-name>Reservation-has-many-Cabins</ejb-relationship-role-name>
            <key-fields>
               <key-field>
                  <field-name>id</field-name>
                  <column-name>RESERVATION_ID</column-name>
               </key-field>
            </key-fields>
         </ejb-relationship-role>
      </ejb-relation>

      <ejb-relation>
         <ejb-relation-name>Cabin-Ship</ejb-relation-name>
         <foreign-key-mapping/>      
         <ejb-relationship-role>
            <ejb-relationship-role-name>Ship-has-many-Cabins</ejb-relationship-role-name>
            <key-fields>
               <key-field>
                  <field-name>id</field-name>
                  <column-name>SHIP_ID</column-name>
               </key-field>
            </key-fields>
         </ejb-relationship-role>
         <ejb-relationship-role>
            <ejb-relationship-role-name>Cabin-has-a-Ship</ejb-relationship-role-name>
            <key-fields/>
         </ejb-relationship-role>
      </ejb-relation>
      
      <ejb-relation>
         <ejb-relation-name>Cruise-Reservation</ejb-relation-name>
         <foreign-key-mapping/>      
         <ejb-relationship-role>
            <ejb-relationship-role-name>Cruise-has-many-Reservations</ejb-relationship-role-name>
            <key-fields>
               <key-field>
                  <field-name>id</field-name>
                  <column-name>CRUISE_ID</column-name>
               </key-field>
            </key-fields>
         </ejb-relationship-role>
         <ejb-relationship-role>
            <ejb-relationship-role-name>Reservation-has-a-Cruise</ejb-relationship-role-name>
            <key-fields/>
         </ejb-relationship-role>
      </ejb-relation>

   </relationships>
   
</jbosscmp-jdbc>
