<?xml version="1.0"?>

<!DOCTYPE ejb-jar PUBLIC 
"-//Sun Microsystems, Inc.//DTD Enterprise JavaBeans 2.0//EN" 
"http://java.sun.com/dtd/ejb-jar_2_0.dtd">

<ejb-jar>

 <enterprise-beans>
   <entity>
      <description>
            This bean represents a cruise ship.
      </description>
      <ejb-name>ShipEJB</ejb-name>
      <home>com.titan.ship.ShipHomeRemote</home>
      <remote>com.titan.ship.ShipRemote</remote>
      <ejb-class>com.titan.ship.ShipBean</ejb-class>
      <persistence-type>Bean</persistence-type>
      <prim-key-class>java.lang.Integer</prim-key-class>
      <reentrant>False</reentrant>
      <security-identity><use-caller-identity/></security-identity>
      <resource-ref>
           <description>DataSource for the Titan database</description>
           <res-ref-name>jdbc/titanDB</res-ref-name>
           <res-type>javax.sql.DataSource</res-type>
           <res-auth>Container</res-auth>
      </resource-ref>
  </entity>
 </enterprise-beans>
 
 <assembly-descriptor>

   <security-role>
      <description>
         This role represents everyone who is allowed full access to the Ship EJB.
      </description>
     <role-name>everyone</role-name>
   </security-role>

   <method-permission>
     <role-name>everyone</role-name>
     <method>
         <ejb-name>ShipEJB</ejb-name>
         <method-name>*</method-name>
     </method>
   </method-permission>

   <container-transaction>
     <method>
        <ejb-name>ShipEJB</ejb-name>
        <method-name>*</method-name>
     </method>
     <trans-attribute>Required</trans-attribute>
   </container-transaction>

 </assembly-descriptor>

</ejb-jar>
