<?xml version="1.0"?>

<jboss>
   <container-configurations>
      <container-configuration>
         <container-name>Standard BMP EntityBean</container-name>
	 <commit-option>A</commit-option>
	 <!--commit-option>C</commit-option-->
      </container-configuration>
   </container-configurations>

   <enterprise-beans>
      <entity>
      <ejb-name>ShipEJB</ejb-name>
      <jndi-name>ShipHomeRemote</jndi-name>
      <resource-ref>
         <res-ref-name>jdbc/titanDB</res-ref-name>
         <jndi-name>java:/DefaultDS</jndi-name>
      </resource-ref>
      <configuration-name>Standard BMP EntityBean</configuration-name>
      </entity>
   </enterprise-beans>
</jboss>
