<?xml version="1.0"?>

<jboss>
   <enterprise-beans>
      <entity>
         <ejb-name>CustomerEJB</ejb-name>
         <local-jndi-name>CustomerHomeLocal</local-jndi-name>
      </entity>
      <entity>
         <ejb-name>AddressEJB</ejb-name>
         <local-jndi-name>AddressHomeLocal</local-jndi-name>
      </entity>
      <entity>
         <ejb-name>CreditCardEJB</ejb-name>
         <local-jndi-name>CreditCardHomeLocal</local-jndi-name>
      </entity>
      <entity>
         <ejb-name>PhoneEJB</ejb-name>
         <local-jndi-name>PhoneHomeLocal</local-jndi-name>
      </entity>
      <session>
         <ejb-name>Test71EJB</ejb-name>
         <jndi-name>Test71HomeRemote</jndi-name>
      </session>
   </enterprise-beans>
</jboss>
